label,sourceLen,tokens,descriptors,duplicateDescriptors,suppressedDescriptors,crfSize,yieldCount,matched,oraclePruned
div-int-int,13,6,137,0,24,63,113,true,15
testIf#1,13,5,62,0,13,32,48,true,1
testIf#2,21,7,110,0,34,52,88,true,24
testClosureParsing#1,18,10,206,0,16,89,147,true,45
div-ident-ident,13,6,127,0,30,53,91,true,15
testIf#3,12,5,62,0,13,32,48,true,1
testClosureParsing#2,42,14,231,0,18,100,170,true,45
testSpecializeAttribute#3,47,18,358,0,54,164,229,true,107
div-call-int,15,8,155,0,37,63,135,true,39
testNonBinding1#1,30,16,528,9,188,193,452,true,307
testGenericTypeWithTrivia#1,59,15,245,0,24,99,181,true,60
testObjCAttribute#1,92,44,921,1,114,419,571,true,256
div-subscript,18,9,196,0,50,84,161,true,36
testClosureSignatures#1,63,11,248,0,76,113,165,true,54
testObjCAttribute#2,24,13,291,0,50,136,168,true,68
testNonBinding2#1,38,17,543,5,192,214,411,true,247
div-chain,29,13,273,0,47,124,226,true,31
testClosureSignatures#2,24,8,136,0,26,65,82,true,28
testRethrowsAttribute#1,24,6,148,0,21,77,63,true,24
testNonBinding3#1,28,15,380,0,115,162,270,true,112
regex-after-eq,13,8,151,1,39,63,125,true,49
testIf#4,51,14,339,0,108,145,239,true,75
testClosureSignatures#3,74,32,477,0,61,220,300,true,100
testAutoclosureAttribute#1,87,30,316,0,21,151,271,true,61
testNonBinding4#1,36,16,406,0,119,183,247,true,70
regex-after-lparen,15,10,179,1,52,78,131,true,39
testVariadics#1,146,59,847,0,90,380,574,true,144
testDifferentiableAttribute#1,115,40,683,0,49,307,510,true,233
testNonBinding5#1,23,11,247,0,84,103,179,true,71
testDo#1,7,3,18,0,1,11,19,true,1
regex-in-array,17,10,190,1,51,84,138,true,38
testDoCatch#1,18,6,72,0,12,39,56,true,26
regex-after-try-bang,41,16,317,5,112,118,302,true,169
testDerivativeAttribute#1,186,44,930,0,151,396,615,true,307
regex-after-try-question,41,16,313,5,112,116,296,true,167
ternary-with-spaces,21,12,281,2,83,121,220,true,105
testDerivativeAttribute#2,283,55,1119,0,175,481,739,true,349
testNonBinding6#1,59,22,539,0,155,248,345,true,76
testConvention#1,501,107,1853,0,90,742,1328,true,703
testDoCatch#2,52,16,243,1,64,102,188,true,67
testImports#1,17,2,27,0,3,15,23,true,2
testDerivativeAttribute#3,330,65,1393,0,179,588,948,true,537
testStructParsing#1,13,4,27,0,1,17,29,true,1
testDerivativeAttribute#4,41,15,401,0,68,167,287,true,180
testReturn#1,12,2,60,0,15,26,39,true,10
testTernary#1,17,9,212,0,69,88,103,true,6
testFuncParsing#1,13,6,48,0,2,26,51,true,10
testDerivativeAttribute#5,45,17,438,0,72,180,329,true,208
testReturn#2,12,4,104,0,24,50,73,true,10
testSequence#1,40,19,431,0,95,172,280,true,49
testUppercaseSelf#1,11,4,60,0,4,29,46,true,5
testClosureLiterals#1,51,17,494,0,109,222,284,true,131
testNestedUppercaseSelf#1,15,6,90,0,9,38,85,true,26
testTransposeAttribute#1,125,33,736,0,102,320,484,true,235
testReturn#3,6,1,16,0,1,9,15,true,1
testInverseTypes#1,13,6,149,0,40,63,95,true,33
testTransposeAttribute#2,85,29,630,0,107,278,382,true,162
testReturn#4,59,11,228,0,75,95,159,true,55
testClosureLiterals#2,49,15,324,0,60,150,186,true,64
testFuncParsing#2,51,14,190,0,15,81,159,true,59
testClosureLiterals#3,96,43,815,0,223,335,639,true,639
testInverseTypes#2,17,7,193,0,53,79,125,true,56
testInverseTypes#3,21,9,231,0,67,93,145,true,51
testFuncParsing#3,326,91,1020,0,79,470,846,true,252
testTrailingClosures#1,69,19,417,0,129,175,334,true,334
testAsyncSyntax1#1,66,15,139,0,1,70,153,true,67
testFuncParsing#4,46,18,297,0,36,140,225,true,51
testTransposeAttribute#3,104,38,745,0,106,336,465,true,167
testReturn#5,23,6,133,0,33,61,90,true,12
testTrailingClosures#2,30,7,188,0,55,89,120,true,56
testAsyncSyntax2#1,147,38,341,0,8,144,246,true,61
testInverseTypes#4,17,8,191,0,53,79,116,true,32
testFuncParsing#5,45,18,297,0,36,140,225,true,51
testTransposeAttribute#4,110,39,774,0,109,345,489,true,185
testReturn#6,79,17,280,0,54,145,201,true,43
testSequenceExpressions#1,9,4,68,0,24,28,50,true,15
testAsyncSyntax3#1,89,33,434,0,75,180,322,true,118
testInverseTypes#5,14,7,239,3,94,91,188,true,132
testFuncParsing#6,28,10,101,0,7,52,88,true,16
testBackDeployed#1,47,14,359,1,50,161,227,true,138
testSwitch#1,33,12,225,0,53,114,150,true,33
testClassParsing#1,12,4,105,0,1,67,43,true,14
testBackDeployed#2,57,19,430,2,50,193,302,true,182
testSwitch#3,97,26,593,0,75,322,325,true,103
testSequenceExpressions#2,86,16,436,0,123,188,249,true,115
testAsyncSyntax4#1,65,14,154,0,27,69,147,true,52
testInverseTypes#6,18,8,294,3,107,111,232,true,171
testClassParsing#2,96,23,553,1,79,242,377,true,195
testBackDeployed#3,118,28,843,1,145,350,585,true,368
testMissingIfClauseIntroducer#1,12,6,147,0,45,69,110,true,29
testNestedTypeSpecialization#1,25,11,378,3,131,140,308,true,227
testAsyncSyntax5#1,119,37,551,0,108,270,394,true,80
testEscapingOnClosureType#1,42,14,150,0,10,72,126,true,29
testIfHasSymbol#1,22,8,174,1,62,75,133,true,53
testObjectLiterals#1,134,55,1085,0,320,438,843,true,487
testAsyncSyntax6#1,57,14,154,0,27,69,147,true,52
testInverseTypes#7,18,9,284,1,85,108,204,true,106
testClassParsing#3,44,11,90,0,9,47,83,true,12
testObjectLiterals#2,157,25,548,0,171,238,385,true,170
testAsync1#1,112,15,139,0,1,70,153,true,67
testInverseTypes#8,22,10,330,1,99,124,241,true,133
testKeypathExpression#1,7,5,94,0,23,39,79,true,35
testAsync10a#1,37,9,83,0,1,34,63,true,21
testInverseTypesAsExpr#1,16,6,108,0,37,47,77,true,23
testActorParsing#1,12,4,75,0,16,37,50,true,22
testSendable#1,67,19,187,0,14,91,166,true,32
testIfHasSymbol#2,34,14,286,2,73,115,206,true,61
testKeypathExpression#2,53,12,232,0,71,91,199,true,97
testAsync10b#1,44,10,87,0,1,35,66,true,21
testInverseTypesAsExpr#2,14,4,70,0,24,30,56,true,18
testActorParsing#2,166,42,614,0,129,295,452,true,135
testSendable#2,53,13,449,1,126,194,272,true,140
testIdentifierPattern#1,34,13,268,0,74,125,180,true,56
testInverseTypesAsExpr#3,20,7,152,0,51,65,107,true,46
testProtocolParsing#1,15,4,27,0,1,17,29,true,1
testMacroRoleNames#1,49,16,442,0,68,196,278,true,174
testCaseContext#1,90,23,682,14,200,231,644,true,380
testKeypathExpression#3,20,13,238,0,46,102,149,true,29
testAsync11a#1,26,13,194,0,37,79,136,true,54
testProtocolParsing#2,21,7,67,0,4,41,63,true,11
testMacroRoleNames#2,47,16,442,0,68,196,278,true,174
testCaseContext#2,49,15,452,9,153,170,396,true,261
testKeypathExpression#4,30,9,191,0,27,81,124,true,47
testAsync11b#1,33,14,198,0,37,80,139,true,54
testInverseTypesInParameter#1,33,11,133,0,11,65,107,true,32
testVariableDeclarations#1,20,7,173,0,38,71,105,true,22
testKeypathExpression#5,6,6,171,1,34,66,145,true,85
testAsync12#1,72,13,154,0,17,78,131,true,18
testInverseTypesInParameter#2,33,11,133,0,11,65,107,true,32
testMacroRoleNames#3,53,22,481,0,68,214,318,true,178
testHangingYieldArgument#1,18,5,169,0,52,72,102,true,22
testKeypathExpression#6,17,5,126,0,27,60,78,true,4
testAsync13#1,116,28,358,0,87,147,344,true,134
testInverseTypesInParameter#3,37,12,168,0,15,79,130,true,50
testVariableDeclarations#2,160,34,1010,0,252,459,625,true,267
testAsync14#1,39,10,152,0,16,73,128,true,42
testInverseTypesInParameter#4,37,12,168,0,15,79,130,true,50
testVariableDeclarations#3,36,9,220,0,37,106,125,true,62
testMacroRoleNames#4,52,16,442,0,68,196,278,true,174
testYield#1,41,12,289,0,64,126,198,true,113
testInverseTypesInParameter#5,23,10,99,0,7,51,86,true,16
testVariableDeclarations#4,43,10,282,0,72,127,159,true,91
testMacroRoleNames#5,63,22,481,0,68,214,318,true,178
testYield#2,466,100,2514,0,693,1040,1639,true,1639
testKeypathExpression#7,7,7,152,0,25,63,105,true,38
testAsync15#1,81,19,353,0,77,162,245,true,97
testVariableDeclarations#5,20,6,120,0,46,50,92,true,34
testMacroRoleNames#6,58,16,442,0,68,196,278,true,174
testYield#3,41,12,294,0,70,125,212,true,105
testKeypathExpression#8,21,4,92,0,17,43,59,true,11
testVariableDeclarations#6,34,13,384,2,136,141,304,true,196
testMacroRoleNames#7,56,16,442,0,68,196,278,true,174
testYield#4,39,12,295,0,70,125,212,true,106
testKeypathExpression#9,21,9,172,0,25,74,111,true,29
testAsync16#1,33,7,158,0,27,80,96,true,49
testInverseTypesInParameter#6,33,9,126,0,9,56,91,true,27
testAvailabilityQuery1#1,31,13,110,0,16,53,78,true,13
testInverseTypesInParameter#7,38,12,128,0,8,61,87,true,11
testYield#5,9,5,124,0,38,53,86,true,19
testKeypathExpression#10,12,4,92,0,17,43,59,true,11
testInverseTypesInParameter#8,43,10,170,0,12,74,116,true,47
testVariableDeclarations#7,22,6,214,0,39,104,109,true,32
testMacroRoleNames#8,62,22,481,0,68,214,318,true,178
testMacroRoleNames#9,56,16,442,0,68,196,278,true,174
testYield#6,31,11,201,0,32,94,148,true,41
testKeypathExpression#11,9,7,160,0,38,70,120,true,35
testAvailabilityQuery11#1,22,8,92,0,15,48,58,true,8
testInverseTypesInParameter#9,48,13,161,0,11,74,107,true,26
testVariableDeclarations#8,50,16,301,0,71,127,210,true,90
testAvailabilityQuery13#1,38,11,104,0,16,51,71,true,12
testInverseTypesInParameter#10,47,11,209,0,15,89,143,true,69
testMacroRoleNames#10,62,22,481,0,68,214,318,true,178
testVariableDeclarations#9,124,21,568,0,133,252,395,true,198
testYield#7,29,11,196,0,32,89,143,true,36
testKeypathExpression#12,17,10,285,4,71,100,317,true,181
testInverseTypesInParameter#11,52,14,195,0,14,87,129,true,43
testMacroRoleNames#11,50,16,442,0,68,196,278,true,174
testVariableDeclarations#10,99,28,629,1,105,273,439,true,225
testDiscard#1,12,2,91,0,27,41,50,true,22
testAvailabilityQuery14#1,41,13,110,0,16,53,78,true,13
testKeypathExpression#13,74,20,376,0,115,150,290,true,105
testAttachedExtensionAttribute#1,30,9,277,0,57,126,165,true,103
testVariableDeclarations#11,51,13,335,0,50,164,195,true,80
testDiscard#2,12,2,91,0,27,41,50,true,22
testAvailabilityQuery15#1,33,13,110,0,16,53,78,true,13
testKeyPathMethodAndInitializers#4,15,8,166,0,39,72,125,true,68
testTypedThrows#1,36,11,162,0,30,75,97,true,28
testAttachedExtensionAttribute#2,50,16,323,0,57,147,212,true,108
testTypealias#1,19,4,52,0,4,26,38,true,4
testDiscard#3,21,2,97,0,30,42,50,true,22
testAvailabilityQuery16#1,33,13,110,0,16,53,78,true,13
testKeyPathMethodAndInitializers#5,17,8,180,0,42,74,130,true,73
testConventionAttributeInArrayType#1,62,20,503,1,89,214,335,true,164
testTypealias#2,75,26,276,0,17,126,195,true,41
testDiscard#4,61,23,278,0,53,133,224,true,48
testAvailabilityQuery17#1,34,13,110,0,16,53,78,true,13
testKeyPathMethodAndInitializers#9,21,12,230,0,74,97,156,true,49
testTypealias#3,48,15,263,0,18,115,197,true,90
testDefaultIdentIdentifierInReturnStmt#1,26,4,81,0,24,33,70,true,32
testAvailabilityQuery18#1,31,13,110,0,16,53,78,true,13
testTypedThrows#2,43,11,120,0,8,51,87,true,24
testIsolatedTypeAttribute#1,31,13,228,0,21,89,179,true,89
testAvailabilityQuery19#1,42,18,133,0,17,61,103,true,18
testTypedThrows#3,33,12,204,0,42,85,128,true,46
testKeyPathMethodAndInitializers#10,52,10,326,1,53,147,228,true,228
testPrecedenceGroup#1,127,20,89,0,3,40,99,true,8
testDefaultAsIdentifierInSubscript#1,26,8,166,0,56,69,105,true,105
testIsolatedTypeAttribute#2,36,13,226,0,21,88,179,true,89
testKeyPathMethodAndInitializers#12,20,16,314,0,97,131,220,true,77
testPrecedenceGroup#2,94,10,46,0,2,22,51,true,4
testTrailingTriviaIncludesNewline#1,23,8,148,0,25,74,118,true,5
testIsolatedTypeAttribute#3,50,18,345,0,32,136,274,true,153
testAvailabilityQuery20#1,28,11,104,0,16,51,71,true,12
testMultipleTypeSpecifiers#1,42,12,170,0,15,80,132,true,50
testKeyPathMethodAndInitializers#13,36,12,243,0,60,100,174,true,70
testOperators#1,36,5,131,0,16,72,62,true,33
testTrailingTriviaIncludesNewline#2,26,8,148,0,25,74,118,true,5
testIsolatedTypeAttribute#4,50,18,345,0,32,136,274,true,153
testAvailabilityQuery21#1,37,16,127,0,17,59,96,true,17
testMultipleTypeSpecifiers#2,42,12,170,0,15,80,132,true,50
testOperators#2,274,33,727,0,76,373,415,true,213
testTrailingClosureInIfCondition#1,17,7,174,0,70,75,142,true,58
testIsolatedTypeAttribute#5,58,22,507,1,102,201,383,true,232
testAvailabilityQuery22#1,29,13,110,0,16,53,78,true,13
testNonisolatedSpecifier#1,34,8,191,0,52,87,123,true,20
testKeyPathMethodAndInitializers#15,24,12,260,1,44,99,208,true,110
testKeyPathMethodAndInitializers#16,18,9,189,0,36,79,128,true,41
testObjCAttribute#1,64,16,348,0,51,155,213,true,106
testTrailingClosureInIfCondition#2,17,7,174,0,70,75,142,true,58
testIsolatedTypeAttribute#6,58,22,507,1,102,201,383,true,232
testAvailabilityQuery23#1,102,10,103,0,15,53,70,true,9
testABIAttribute#1,44,18,319,0,48,144,206,true,94
testAvailabilityQuery24#1,109,8,87,0,15,45,53,true,8
testTrailingClosureInIfCondition#3,23,9,236,0,80,108,153,true,53
testAvailabilityQuery26#1,62,18,133,0,17,61,103,true,18
testNonisolatedSpecifier#2,52,15,229,0,25,97,171,true,66
testABIAttribute#2,51,8,231,0,44,106,125,true,66
testABIAttribute#3,22,8,225,0,44,102,120,true,68
testAvailabilityQuery30#1,58,21,150,0,18,67,121,true,22
testNonisolatedSpecifier#3,49,14,193,0,18,83,124,true,58
testKeyPathMethodAndInitializers#17,23,12,248,2,73,93,205,true,89
testDifferentiableAttribute#1,306,104,2021,0,270,885,1352,true,649
testNonisolatedSpecifier#4,66,21,509,0,109,210,324,true,198
testKeyPathSubscript#1,13,8,189,1,40,77,149,true,149
testParsePoundError#1,30,5,116,0,36,54,87,true,29
testClosureInsideIfCondition#1,17,10,208,1,71,95,142,true,35
testNonisolatedSpecifier#5,57,17,430,0,113,158,360,true,267
testKeyPathSubscript#2,12,8,187,1,40,77,144,true,57
testParsePoundWarning#1,32,5,116,0,36,54,87,true,29
testClosureInsideIfCondition#2,21,10,208,1,71,95,142,true,35
testABIAttribute#4,78,12,201,0,45,94,135,true,46
testAvailabilityQuery31#1,49,16,127,0,17,59,96,true,17
testKeyPathFollowedByOperator#2,14,9,186,3,45,64,180,true,98
testParseSpecializeAttribute#3,174,40,708,0,116,300,521,true,230
testClosureInsideIfCondition#3,19,10,208,1,71,95,142,true,35
testABIAttribute#5,25,12,249,0,45,115,145,true,67
testAvailabilityQuery33#1,53,0,3,0,0,3,3,true,0
testNonisolatedSpecifier#6,56,15,200,0,16,93,145,true,62
testKeypathExpressionWithSugaredRoot#1,4,4,108,0,20,47,74,true,26
testParseRetroactiveExtension#1,43,8,75,0,8,42,69,true,5
testClosureInsideIfCondition#4,31,15,364,1,111,164,237,true,60
testABIAttribute#6,22,12,240,0,43,112,137,true,66
testAvailabilityQuery35#1,61,17,210,0,36,98,150,true,19
testNonisolatedSpecifier#7,69,19,233,0,18,108,180,true,73
testAvailabilityQuery36#1,134,39,444,0,89,205,328,true,59
testNonisolatedSpecifier#8,77,24,579,0,191,226,388,true,234
testKeypathExpressionWithSugaredRoot#2,7,7,152,0,25,63,105,true,38
testParsePreconcurrency#1,36,8,70,0,6,40,67,true,5
testTypedThrows#1,40,10,129,0,24,57,82,true,16
testABIAttribute#7,66,22,352,0,52,161,217,true,74
testTypedThrows#2,38,9,98,0,20,44,65,true,4
testABIAttribute#8,81,20,343,0,47,151,217,true,92
testAvailabilityQuery37#1,59,13,110,0,16,53,78,true,13
testParsePreconcurrency#2,39,8,75,0,8,42,69,true,5
testParseIsolatedConformances#1,31,7,73,0,10,38,68,true,6
testTypedThrows#3,29,6,69,0,16,32,47,true,1
testABIAttribute#9,27,12,252,0,45,115,150,true,58
testAvailabilityQueryUnavailability1#1,101,11,104,0,16,51,71,true,12
testNonisolatedSpecifier#9,58,17,435,0,105,178,306,true,201
testKeypathExpressionWithSugaredRoot#3,5,5,130,1,31,52,109,true,54
testNonisolatedSpecifier#10,76,21,519,0,114,202,409,true,278
testKeypathExpressionWithSugaredRoot#4,5,5,130,1,31,52,109,true,54
testParseIsolatedConformances#2,30,8,75,0,8,42,69,true,5
testForUnsafeStatement#1,31,9,99,0,27,52,87,true,38
testABIAttribute#10,27,12,259,0,45,116,157,true,63
testAvailabilityQueryUnavailability8#1,24,8,92,0,15,48,58,true,8
testParseIsolatedConformances#3,47,9,94,0,12,48,87,true,7
testForUnsafeStatement#2,29,8,93,0,26,49,80,true,32
testABIAttribute#11,55,10,247,0,44,113,141,true,68
testAvailabilityQueryUnavailability10#1,40,11,104,0,16,51,71,true,12
testNonisolatedSpecifier#11,27,7,68,0,8,36,66,true,6
testKeypathExpressionWithSugaredRoot#5,6,6,195,1,47,78,129,true,48
testABIAttribute#12,25,10,233,0,44,106,129,true,69
testAvailabilityQueryUnavailability12#1,32,11,104,0,16,51,71,true,12
testNonisolatedSpecifier#12,23,8,175,0,40,79,110,true,33
testKeypathExpressionWithSugaredRoot#6,10,8,260,1,59,103,160,true,64
testNonisolatedSpecifier#13,52,16,361,0,86,147,249,true,154
testKeypathExpressionWithSugaredRoot#7,5,5,89,0,16,39,53,true,9
testParseIsolatedConformances#4,39,9,94,0,12,48,87,true,7
testForUnsafeStatement#3,19,6,84,0,26,44,71,true,25
testABIAttribute#13,83,14,228,0,45,107,162,true,48
testAvailabilityQueryUnavailability13#1,32,11,104,0,16,51,71,true,12
testNonisolatedSpecifier#14,20,8,291,3,104,109,225,true,150
testKeypathExpressionWithSugaredRoot#8,6,6,137,0,21,61,82,true,28
testEnumParsing#1,71,17,257,0,31,124,164,true,43
testForUnsafeStatement#4,24,8,115,0,29,56,86,true,27
testAvailabilityQueryUnavailability14#1,33,11,104,0,16,51,71,true,12
testABIAttribute#14,28,14,257,0,45,119,154,true,68
testNonisolatedSpecifier#15,26,7,193,0,35,87,116,true,37
testKeypathExpressionWithSugaredRoot#9,9,8,193,0,26,85,118,true,46
testEnumParsing#2,140,35,484,0,49,212,390,true,123
testABIAttribute#15,25,14,248,0,43,116,146,true,67
testAvailabilityQueryUnavailability15#1,30,11,104,0,16,51,71,true,12
testNonisolatedSpecifier#16,39,7,68,0,8,36,66,true,6
testKeypathExpressionWithSugaredRoot#10,6,4,86,0,17,39,53,true,10
testTypedThrows#1,40,13,175,0,12,79,146,true,68
testNonisolatedSpecifier#17,48,13,274,0,50,121,177,true,73
testKeypathExpressionWithSugaredRoot#11,7,4,106,0,19,46,74,true,26
testTypedThrows#2,43,14,151,0,11,78,123,true,39
testABIAttribute#16,84,30,389,0,52,179,257,true,78
testAvailabilityQueryUnavailability16#1,41,16,127,0,17,59,96,true,17
testTypedThrows#3,30,10,103,0,5,49,100,true,40
testABIAttribute#17,35,16,306,0,45,141,204,true,62
testAvailabilityQueryUnavailability17#1,71,29,235,0,32,110,174,true,31
testABIAttribute#18,35,16,313,0,45,142,211,true,67
testAvailabilityQueryUnavailability18#1,104,10,103,0,15,53,70,true,9
testTrailingCommas#1,43,13,231,0,16,98,153,true,71
testBasicLiterals#1,140,28,728,1,190,340,475,true,125
testTypedThrows#4,107,30,277,0,26,135,238,true,60
testInitializerExpression#1,39,12,282,0,90,117,181,true,81
testAccessors#1,38,11,210,0,34,96,147,true,55
testABIAttribute#19,37,16,266,0,45,120,166,true,64
testAvailabilityQueryUnavailability21#1,61,16,127,0,17,59,96,true,17
testTrailingCommas#2,74,20,379,0,25,157,258,true,113
testAvailabilityQueryUnavailability25#1,60,21,150,0,18,67,121,true,22
testTrailingCommas#3,85,30,306,0,29,137,243,true,67
testCollectionLiterals#1,32,12,417,0,120,163,265,true,155
testAccessors#2,55,15,531,0,99,255,315,true,211
testLifetimeAttribute#1,455,144,3340,9,530,1430,2196,true,1011
testCollectionLiterals#2,25,11,400,0,90,165,235,true,116
testCollectionLiterals#4,43,17,411,1,101,165,303,true,173
testInitAccessor#1,69,19,379,0,81,185,308,true,190
testAttributeMainActorClosure#1,23,8,300,0,55,145,148,true,77
testAvailabilityQueryUnavailability26#1,51,16,127,0,17,59,96,true,17
testMultiline#1,22,10,246,0,60,109,155,true,85
testInitAccessor#2,46,13,139,0,7,77,123,true,21
testTypeAttributeInExprContext#1,32,13,277,1,70,114,198,true,86
testAvailabilityQueryUnavailability29#1,62,15,204,0,36,96,143,true,18
testMultiline#2,19,10,246,0,60,109,155,true,85
testCollectionLiterals#5,33,16,534,11,190,184,487,true,375
testInitAccessor#3,89,25,539,2,135,251,424,true,292
testAvailabilityQueryUnavailability30#1,131,35,432,0,89,201,314,true,57
testEllipsis#1,8,5,180,0,54,75,103,true,32
testInitializers#1,176,58,650,0,43,353,538,true,138
testAvailabilityQueryUnavailability31#1,58,11,104,0,16,51,71,true,12
testCollectionLiterals#6,54,21,706,11,212,264,557,true,403
testDeinitializers#1,9,3,30,0,1,16,32,true,10
testAvailabilityQueryUnavailability32#1,528,162,1340,0,161,630,973,true,216
testDeinitializers#2,6,1,19,0,1,12,18,true,1
testAvailabilityQueryUnavailability33#1,212,40,402,0,67,196,262,true,37
testCollectionLiterals#7,54,24,618,1,140,252,401,true,189
testAttributedMember#1,67,15,261,0,52,116,181,true,60
testBuiltinBridgeObject1#1,57,7,30,0,1,16,34,true,1
testCollectionLiterals#8,54,12,292,0,84,119,158,true,40
testCollectionLiterals#9,90,24,489,0,142,213,292,true,101
testBuiltinBridgeObject2#1,22,6,107,0,17,41,96,true,35
testBuiltinBridgeObject3#1,10,4,105,0,1,67,43,true,14
testCollectionLiterals#10,36,12,302,0,91,126,210,true,114
testAnyAsParameterLabel#1,37,12,128,0,9,62,102,true,22
testBuiltinBridgeObject4#1,149,31,675,0,213,265,487,true,181
testInterpolatedStringLiterals#1,59,8,173,0,58,73,114,true,29
testPublicClass#1,31,7,181,0,20,105,94,true,46
testReturnVariableNamedAsync#1,144,42,702,2,210,313,522,true,181
testInterpolatedStringLiterals#2,60,19,362,0,130,155,254,true,254
testBuiltinWord2#1,116,30,527,0,81,197,480,true,179
testModifiedParameter#1,35,11,119,0,7,59,103,true,25
testInterpolatedStringLiterals#3,57,14,345,1,108,155,226,true,79
testBuiltinWord3#1,116,0,3,0,0,3,3,true,0
testStringLiterals#1,3,1,47,0,12,23,30,true,1
testModifiedParameter#2,40,11,119,0,7,59,103,true,25
testStringLiterals#2,2,1,47,0,12,23,30,true,1
testModifiedParameter#3,52,12,138,0,7,66,121,true,33
testBuiltinWord4#1,185,32,762,0,265,298,524,true,203
testModifiedParameter#5,33,10,119,2,7,58,105,true,31
testBuiltinWord5#1,185,32,762,0,265,298,524,true,203
testModifiedParameter#6,38,10,119,2,7,58,105,true,31
testBuiltinWord6#1,181,32,762,0,265,298,524,true,203
testStringLiterals#3,7,1,48,0,12,23,30,true,1
testBuiltinWord7#1,181,32,762,0,265,298,524,true,203
testStringLiterals#4,34,2,98,0,23,48,60,true,3
testModifiedParameter#7,50,11,138,2,7,65,123,true,43
testBuiltinWord8#1,149,32,762,0,265,298,524,true,203
testStringLiterals#5,237,5,151,0,32,67,109,true,16
testModifiedParameter#8,113,29,341,4,19,167,296,true,81
testMacroExpansionDeclaration#1,47,12,140,0,30,69,102,true,26
testBuiltinWord9#1,149,32,762,0,265,298,524,true,203
testStringLiterals#6,152,14,313,0,115,131,188,true,33
testMacroExpansionDeclaration#2,7,2,52,0,14,28,33,true,5
testBuiltinWord10#1,145,32,762,0,265,298,524,true,203
testStringLiterals#7,43,9,204,0,69,84,126,true,43
testAttributedMacroExpansionDeclaration#1,28,4,155,0,25,80,65,true,28
testBuiltinWord11#1,145,32,762,0,265,298,524,true,203
testStringLiterals#8,3,1,47,0,12,23,30,true,1
testAttributedMacroExpansionDeclaration#2,28,3,149,0,19,85,68,true,42
testConflictMarkers1#1,71,0,3,0,0,3,3,true,0
testStringLiterals#9,5,1,53,0,12,27,30,true,1
testAttributedMacroExpansionDeclaration#3,13,2,52,0,14,28,33,true,5
testConflictMarkers2#1,46,6,242,0,31,134,104,true,65
testStringLiterals#10,7,1,53,0,12,27,30,true,1
testAttributedMacroExpansionDeclaration#4,41,8,159,0,24,85,90,true,25
testConflictMarkers3#1,76,23,411,0,42,203,287,true,120
testStringLiterals#11,23,1,53,0,12,27,30,true,1
testAttributedMacroExpansionDeclaration#5,41,7,154,0,19,90,93,true,39
testConflictMarkers4#1,46,6,242,0,31,134,104,true,65
testStringLiterals#12,6,3,94,0,30,42,53,true,3
testAttributedMacroExpansionDeclaration#6,26,6,49,0,3,31,49,true,5
testConflictMarkers5#1,76,23,361,0,42,179,251,true,84
testAdjacentRawStringLiterals#1,32,2,98,0,23,48,60,true,3
testAttributedMacroExpansionDeclaration#7,42,10,199,0,27,103,112,true,37
testConflictMarkers6#1,31,0,3,0,0,3,3,true,0
testAdjacentRawStringLiterals#2,38,2,104,0,23,52,60,true,3
testStringBogusClosingDelimiters#1,7,1,53,0,12,27,30,true,1
testAttributedMacroExpansionDeclaration#8,42,9,193,0,21,108,115,true,51
testConflictMarkers9#1,143,4,110,0,22,51,77,true,8
testAttributedMacroExpansionDeclaration#9,27,8,96,0,16,51,80,true,14
testConflictMarkers11#1,62,0,3,0,0,3,3,true,0
testSubscript#1,7,3,65,0,26,28,44,true,13
testAttributedMacroExpansionDeclaration#10,59,13,311,0,50,141,202,true,101
testConflictMarkers13#1,34,0,3,0,0,3,3,true,0
testSubscript#2,9,4,81,0,27,37,54,true,16
testConsumeExpression#1,11,2,93,0,30,38,48,true,20
testVariableGetSetNextLine#1,34,11,163,0,19,76,130,true,29
testConsecutiveStatements1#1,160,70,1682,0,392,743,1106,true,216
testConsumeExpression#2,16,5,155,0,58,62,89,true,32
testVariableFollowedByReferenceToSet#1,38,13,189,0,43,87,149,true,34
testGlobal#1,65,17,281,0,52,121,216,true,58
testConsumeExpression#4,29,9,168,0,52,71,127,true,51
testIssue1025#1,84,24,458,0,92,217,331,true,152
testLet#1,58,17,248,0,58,105,207,true,66
testVar#1,75,22,376,0,100,151,291,true,97
testBorrowExpression#1,10,2,93,0,30,38,48,true,20
testIssue1025#2,43,14,216,0,16,99,160,true,59
testStillAbleToCallFunctionCalledCopy#1,499,100,1820,0,473,773,1245,true,376
testBorrowExpression#2,15,5,155,0,58,62,89,true,32
testClassWithPrivateSet#1,77,13,193,0,30,95,139,true,48
testUseCopyVariable#1,271,38,706,0,179,298,501,true,126
testBorrowExpression#4,28,9,168,0,52,71,127,true,51
testAttributeInPoundIf#1,52,13,364,0,67,181,157,true,66
testCallToOpenThatLooksLikeDeclarationModifier#1,41,14,251,0,36,131,161,true,53
testPropertyWrapperWithCopy#1,739,90,1976,0,390,924,1217,true,464
testBorrowExpression#7,11,4,121,0,44,50,72,true,20
testReferenceToOpenThatLooksLikeDeclarationModifier#1,36,11,251,0,36,131,158,true,53
testAsCaseStmt#1,147,31,546,0,58,297,325,true,76
testBorrowExpression#8,12,4,156,0,57,63,90,true,46
testParseCanCopyClosureDollarIdentifier#1,59,21,385,0,47,184,243,true,76
testKeywordApplyExpression#1,91,38,943,0,226,417,579,true,259
testOpenVarInCodeBlockItemList#1,34,11,251,0,36,131,158,true,53
testAsyncLetInLocalContext#1,48,14,272,0,42,133,180,true,70
testForLoop#1,44,14,188,0,48,93,177,true,47
testFalseMultilineDelimiters#1,74,15,462,2,133,197,324,true,123
testCopySelf#1,57,15,250,0,30,132,164,true,48
testOperatorReference#1,12,6,136,0,37,62,93,true,22
testBorrowingConsumingParameterSpecifiers#1,19,4,27,0,1,17,29,true,1
testBorrowingConsumingParameterSpecifiers#2,19,4,27,0,1,17,29,true,1
testDebugger1#1,25,2,27,0,3,15,23,true,2
testBogusCaptureLists#1,314,57,1119,0,349,473,730,true,339
testDebugger2#1,41,18,330,0,78,143,240,true,31
testMacroExpansionExpression#1,16,6,121,0,34,55,96,true,37
testBorrowingConsumingParameterSpecifiers#4,29,10,134,0,11,65,107,true,33
testDebugger3#1,14,1,54,0,16,24,26,true,3
testMacroExpansionExpression#2,30,8,142,0,37,64,122,true,41
testBorrowingConsumingParameterSpecifiers#5,29,10,134,0,11,65,107,true,33
testMacroExpansionExpression#3,35,8,192,0,62,88,136,true,44
testBorrowingConsumingParameterSpecifiers#6,52,18,305,0,21,134,217,true,100
testDebugger4#1,17,6,121,0,23,49,79,true,18
testPostProcessMultilineStringLiteral#1,29,1,48,0,12,23,30,true,1
testBorrowingConsumingParameterSpecifiers#7,25,9,102,0,7,52,86,true,17
testDelayedExtension1#1,25,10,188,0,49,86,137,true,23
testBorrowingConsumingParameterSpecifiers#8,26,9,102,0,7,52,86,true,17
testDeprecatedWhere1#1,45,8,52,0,1,32,58,true,3
testPostProcessMultilineStringLiteral#2,31,1,48,0,12,23,30,true,1
testMultiLineStringInInterpolationOfSingleLineStringLiteral#1,26,6,150,0,51,65,97,true,12
testBorrowingConsumingParameterSpecifiers#9,36,10,136,0,11,66,107,true,33
testDeprecatedWhere2#1,41,12,120,0,11,61,103,true,19
testEmptyLineInMultilineStringLiteral#1,30,1,48,0,12,23,30,true,1
testBorrowingConsumingParameterSpecifiers#10,35,10,136,0,11,66,107,true,33
testEmptyLineInMultilineStringLiteral#2,21,1,48,0,12,23,30,true,1
testBorrowingConsumingParameterSpecifiers#11,44,16,233,0,15,106,167,true,60
testDeprecatedWhere7#1,44,7,47,0,5,27,46,true,3
testDiagnoseAvailability1#1,107,0,3,0,0,3,3,true,0
testBorrowingConsumingParameterSpecifiers#12,65,18,309,0,21,136,217,true,100
testTabsIndentationInMultilineStringLiteral#1,16,3,85,0,23,39,53,true,4
testDiagnoseAvailability2#1,64,16,349,1,48,157,231,true,127
testBorrowingConsumingParameterSpecifiers#13,41,9,100,0,7,51,86,true,17
testMixedIndentationInMultilineStringLiteral#1,18,3,85,0,23,39,53,true,4
testBorrowingConsumingParameterSpecifiers#14,41,9,100,0,7,51,86,true,17
testTrailingCommasInTypeExpressions#1,37,14,309,0,70,120,256,true,153
testDiagnoseAvailability3#1,105,23,490,2,53,220,355,true,206
testBorrowingConsumingParameterSpecifiers#15,40,9,100,0,7,51,86,true,17
testTrailingCommasInTypeExpressions#2,34,14,307,0,71,118,251,true,148
testDiagnoseAvailability4#1,79,20,410,2,48,185,296,true,169
testBorrowingConsumingParameterSpecifiers#16,39,9,100,0,7,51,86,true,17
testTrailingCommasInTypeExpressions#3,43,17,468,0,103,194,294,true,141
testDiagnoseAvailability5#1,79,20,410,2,48,185,296,true,169
testBorrowingConsumingParameterSpecifiers#17,47,10,104,0,7,53,91,true,17
testTrailingCommasInTypeExpressions#4,51,18,644,5,169,234,475,true,360
testDiagnoseAvailability6#1,83,21,420,2,48,189,306,true,171
testBorrowingConsumingParameterSpecifiers#18,47,10,104,0,7,53,91,true,17
testIfExprInCoercion#1,53,20,327,1,88,150,266,true,77
testDiagnoseAvailability7#1,92,25,481,3,48,217,371,true,213
testDiagnoseAvailability9#1,70,17,313,1,45,141,215,true,103
testBorrowingConsumingParameterSpecifiers#19,44,10,104,0,7,53,91,true,17
testSwitchExprInCoercion#1,58,18,366,1,95,174,256,true,43
testBorrowingConsumingParameterSpecifiers#20,44,10,104,0,7,53,91,true,17
testIfExprInReturn#1,53,19,299,1,85,137,258,true,81
testDiagnoseAvailability10#1,86,19,329,1,45,148,231,true,105
testSwitchExprInReturn#1,75,23,379,1,94,184,290,true,51
testDiagnoseAvailability11#1,109,29,473,3,45,213,383,true,193
testBorrowingConsumingParameterSpecifiers#21,71,17,169,0,8,81,127,true,23
testTryIf1#1,57,21,331,1,88,152,272,true,85
testDiagnoseAvailability12#1,57,13,390,0,67,166,263,true,170
testTryIf2#1,64,22,347,1,88,157,292,true,99
testDiagnoseAvailability13#1,84,19,482,1,56,215,322,true,198
testBorrowingConsumingParameterSpecifiers#22,71,17,169,0,8,81,127,true,23
testDiagnoseAvailability14#1,55,13,390,0,67,166,263,true,170
testBorrowingConsumingParameterSpecifiers#23,67,17,169,0,8,81,127,true,23
testTryIf3#1,76,26,418,1,104,188,346,true,108
testDiagnoseAvailability15#1,80,19,482,1,56,215,322,true,198
testBorrowingConsumingParameterSpecifiers#24,65,17,169,0,8,81,127,true,23
testDiagnoseAvailability16#1,73,15,369,0,53,165,226,true,121
testSuppressedImplicitConformance#1,26,7,51,0,4,30,50,true,5
testAwaitIf1#1,65,22,343,1,87,158,288,true,100
testSuppressedImplicitConformance#2,24,8,151,0,20,67,113,true,24
testAwaitIf2#1,72,23,359,1,87,163,308,true,114
testDiagnoseAvailability18#1,91,17,289,0,45,129,186,true,65
testSuppressedImplicitConformance#3,28,7,82,0,8,35,79,true,36
testAwaitIf3#1,84,27,430,1,103,194,362,true,123
testDiagnoseAvailability19#1,78,20,357,0,69,156,234,true,82
testTrySwitch1#1,55,17,329,1,92,159,233,true,35
testDiagnoseAvailabilityWindows1#1,78,17,441,0,56,196,277,true,158
testSuppressedImplicitConformance#4,20,9,107,0,12,43,109,true,54
testTrySwitch2#1,86,26,427,1,97,204,324,true,69
testTrySwitch3#1,98,30,495,1,112,235,372,true,72
testDiagnoseAvailabilityWindows2#1,13,3,71,0,25,29,48,true,16
testSuppressedImplicitConformance#5,17,6,59,0,7,27,52,true,9
testDiagnoseAvailabilityWindows3#1,99,27,564,4,53,252,437,true,236
testSuppressedImplicitConformance#6,19,8,107,0,9,46,85,true,29
testDiagnoseAvailabilityWindows4#1,23,3,71,0,25,29,48,true,16
testSuppressedImplicitConformance#7,29,10,66,0,6,36,64,true,10
testAwaitSwitch1#1,57,17,326,1,92,158,232,true,34
testDiagnoseAvailabilityWindows5#1,45,14,312,0,48,141,190,true,86
testSuppressedImplicitConformance#8,35,16,140,0,12,71,123,true,25
testAwaitSwitch2#1,94,27,439,1,96,210,340,true,84
testDiagnoseAvailabilityWindows6#1,11,3,71,0,25,29,48,true,16
testSuppressedImplicitConformance#9,44,11,90,0,8,54,85,true,13
testAwaitSwitch3#1,106,31,507,1,111,241,388,true,87
testDiagnoseAvailabilityWindows7#1,71,17,150,0,19,75,118,true,19
testSuppressedImplicitConformance#10,28,9,126,0,9,56,91,true,27
testIfExprCondCast#1,37,15,283,1,86,127,221,true,68
testDiagnoseDynamicReplacement1#1,38,7,158,0,27,80,96,true,49
testInitAccessorsWithDefaultValues#1,113,37,858,1,199,397,627,true,230
testIfExprForceCast#1,37,15,283,1,86,127,221,true,68
testDiagnoseInitializerAsTypedPattern6#1,18,8,147,0,28,68,113,true,11
testBorrowingGetAccessor#1,54,14,248,0,24,130,153,true,66
testSwitchExprCondCast#1,59,19,366,1,95,174,258,true,43
testDiagnoseInitializerAsTypedPattern7#1,61,30,634,0,181,278,366,true,45
testEnumCaseWithGenericParameter#1,42,16,168,0,14,84,141,true,32
testSwitchExprForceCast#1,59,19,366,1,95,174,258,true,43
testDiagnoseInitializerAsTypedPattern9e#1,41,17,305,0,87,135,191,true,31
testLiteralInitializerWithTrailingClosure#1,24,8,160,0,36,75,140,true,32
testUnsafeExpr#1,31,11,159,0,33,70,128,true,39
testDiagnosticMissingFuncKeyword3#1,17,3,122,0,16,68,52,true,32
testSendingTypeSpecifier#1,57,13,226,0,15,100,165,true,82
testUnsafeExpr#2,33,11,167,0,33,78,123,true,17
testUnsafeExpr#3,28,11,139,0,37,61,124,true,45
testDollarIdentifier1#1,158,0,3,0,0,3,3,true,0
testVarDeclTupleElt#1,48,13,182,0,12,85,136,true,53
testUnsafeExpr#4,27,9,153,0,40,68,118,true,48
testVarDeclTuple2#1,56,15,238,0,17,109,173,true,72
testUnsafeExpr#5,27,11,208,0,43,94,135,true,30
testDollarIdentifier4#1,323,63,915,0,153,443,695,true,137
testConstAsArgumentLabel#1,29,9,104,0,7,53,86,true,17
testUnsafeExpr#7,26,9,147,0,28,69,106,true,14
testDollarIdentifier5#1,91,21,307,0,59,142,235,true,62
testConstAsArgumentLabel#3,33,11,122,0,7,60,106,true,26
testUnsafeExpr#8,30,10,119,0,15,61,106,true,11
testDollarIdentifier6#1,62,15,346,0,78,157,224,true,26
testCoroutineAccessors#1,71,17,485,0,121,214,319,true,191
testUnsafeExpr#9,70,22,450,0,136,179,270,true,92
testDollarIdentifier7#1,172,0,3,0,0,3,3,true,0
testCoroutineAccessors#2,133,29,1003,0,252,461,611,true,386
testUnsafeExpr#10,44,14,117,0,18,57,102,true,11
testTrailingCommas#1,76,14,91,0,1,52,97,true,6
testUnsafeExpr#11,28,10,171,0,50,79,129,true,40
testDollarIdentifier9#1,46,0,3,0,0,3,3,true,0
testTrailingCommas#2,55,20,192,0,21,90,155,true,31
testUnsafeExpr#12,23,9,116,0,27,52,96,true,26
testDollarIdentifier10#1,113,20,438,0,81,196,264,true,84
testUsing#5,17,2,164,0,31,85,62,true,17
testUnsafeExpr#13,24,9,146,0,38,63,109,true,42
testDollarIdentifier11#1,37,10,217,0,39,108,133,true,28
testDollarIdentifier12#1,25,8,120,0,37,46,118,true,56
testUsing#6,17,2,164,0,31,85,65,true,20
testUnsafeExpr#14,23,9,110,0,28,51,92,true,23
testEffectfulProperties1#1,322,69,1195,0,133,579,765,true,368
testUnsafeExpr#15,24,9,142,0,39,65,109,true,38
testEffectfulProperties2#1,70,19,209,0,24,107,155,true,35
testUsing#7,22,9,100,0,7,51,86,true,17
testUsing#8,22,9,100,0,7,51,86,true,17
testUnsafeExpr#16,26,9,139,0,32,65,100,true,12
testEffectfulProperties3#1,70,19,286,0,24,156,168,true,48
testEffectfulProperties4#1,77,20,211,0,24,107,157,true,36
testUsing#9,16,4,75,0,13,38,59,true,2
testUnsafeExpr#17,10,3,98,0,29,41,49,true,6
testUsing#10,48,20,272,0,66,125,186,true,45
testTriviaEndingInterpolation#1,12,3,94,0,30,42,53,true,3
testEffectfulProperties5#1,101,23,230,0,24,118,177,true,38
testEffectfulProperties6#1,102,23,232,0,24,119,179,true,39
testAccessorBlockAfterPatternBindingDeclWithAttribute#1,62,20,539,1,142,222,368,true,203
testInitCallInPoundIf#1,47,16,391,0,30,227,192,true,76
testEffectfulProperties7#1,95,21,337,0,38,175,219,true,75
testClosureParameterWithModifier#1,26,11,245,2,44,118,142,true,51
testEffectfulProperties8#1,97,24,483,0,103,222,328,true,140
testClosureWithExternalParameterName#1,24,11,211,0,40,103,121,true,32
testClosureWithExternalParameterName#2,24,11,222,0,44,106,125,true,34
testEffectfulProperties9#1,119,31,570,0,114,272,394,true,202
testClosureParameterWithAttribute#2,23,10,241,0,54,116,150,true,59
testEffectfulProperties10#1,317,72,1400,0,156,684,912,true,424
testClosureParameterWithAttribute#3,79,17,452,1,95,200,280,true,123
testEffectfulProperties11#1,37,0,3,0,0,3,3,true,0
testEffectfulProperties14#1,70,19,295,0,49,135,209,true,83
testClosureWithDollarIdentifier#1,124,35,503,0,165,211,403,true,149
testClosureWithDollarIdentifier#3,74,19,396,0,123,180,285,true,83
testEnumElementPatternSwift42#1,177,48,928,6,241,410,729,true,357
testTypedThrowsDisambiguation#1,30,12,204,0,42,85,128,true,46
testEnumElementPatternSwift43#1,279,83,1540,6,405,668,1199,true,571
testTypedThrowsDisambiguation#2,32,13,235,0,46,98,145,true,58
testEnumElementPatternSwift44#1,61,17,187,0,32,91,175,true,52
testTypedThrowsDisambiguation#3,30,13,248,1,75,98,185,true,105
testEnumElementPatternSwift45#1,96,32,532,1,134,223,413,true,185
testTypedThrowsDisambiguation#4,36,14,249,1,75,98,186,true,105
testEnum2#1,58,0,3,0,0,3,3,true,0
testTypedThrowsClosureParam#1,33,15,335,0,87,155,217,true,86
testEnum3#1,13,4,26,0,1,17,28,true,1
testEnum4#1,70,17,214,0,30,116,181,true,25
testTypedThrowsShorthandClosureParams#1,31,13,221,0,56,100,142,true,32
testEnum5#1,33,10,210,0,59,87,152,true,49
testArrayExprWithNoCommas#1,7,6,133,0,35,56,78,true,21
testEnum6#1,51,14,151,0,12,79,136,true,23
testSendableAttributeInClosure#1,27,11,366,0,72,169,195,true,100
testEnum7#1,43,16,467,3,155,177,390,true,225
testSubscriptDeinitMembers#1,7,2,46,0,13,23,30,true,3
testEnum8#1,52,15,142,0,7,72,135,true,27
testSubscriptDeinitMembers#2,10,2,46,0,13,23,30,true,3
testEnum9#1,58,21,472,0,135,201,321,true,86
testSubscriptDeinitMembers#3,8,3,72,0,25,31,52,true,20
testEnum10#1,40,6,99,0,27,42,87,true,32
testSubscriptDeinitMembers#4,11,3,72,0,25,31,52,true,20
testEnum12#1,39,6,53,0,2,32,55,true,1
testEnum13#1,36,6,131,0,2,82,69,true,14
testEnum14#1,80,12,108,0,5,64,111,true,3
testEnum15#1,29,0,3,0,0,3,3,true,0
testEnum16#1,55,8,161,0,24,85,91,true,20
testEnum18#1,214,45,539,0,45,270,469,true,88
testEnum19#1,71,12,155,0,11,78,138,true,16
testEnum22#1,26,6,48,0,4,30,47,true,4
testEnum23#1,42,10,86,0,5,51,86,true,5
testEnum24#1,56,12,106,0,7,63,104,true,9
testEnum25#1,100,14,119,0,7,72,120,true,10
testEnum26#1,94,17,154,0,11,80,143,true,12
testEnum27#1,185,29,321,0,39,171,270,true,41
testEnum28#1,188,29,321,0,39,171,270,true,41
testEnum29#1,212,24,251,0,16,144,231,true,32
testEnum30#1,91,20,245,0,38,126,202,true,10
testEnum31#1,140,32,497,4,94,238,373,true,94
testEnum32#1,113,16,208,0,29,111,177,true,8
testEnum33#1,99,16,208,0,29,111,177,true,8
testEnum34#1,219,22,315,0,52,162,254,true,11
testEnum35#1,75,10,114,0,16,63,98,true,5
testEnum36#1,101,20,272,0,45,127,271,true,96
testEnum37#1,176,22,287,0,41,150,242,true,11
testEnum38#1,51,8,97,0,13,53,84,true,2
testEnum39#1,76,14,191,0,28,102,160,true,7
testEnum40#1,82,16,218,0,36,107,202,true,51
testEnum41#1,128,16,218,0,36,107,202,true,51
testEnum42#1,130,16,218,0,36,107,202,true,51
testEnum43#1,130,16,218,0,36,107,202,true,51
testEnum44#1,169,16,218,0,36,107,202,true,51
testEnum45#1,169,16,218,0,36,107,202,true,51
testEnum46#1,86,14,181,0,28,96,150,true,7
testEnum47#1,142,32,547,4,120,226,532,true,273
testEnum48#1,98,16,218,0,29,117,187,true,8
testEnum49#1,99,16,218,0,29,117,187,true,8
testEnum50#1,93,14,173,0,18,96,157,true,7
testEnum51#1,73,12,141,0,17,78,125,true,6
testEnum52#1,73,12,141,0,17,78,125,true,6
testEnum53#1,82,14,168,0,18,93,152,true,7
testEnum54#1,60,14,237,0,38,112,206,true,23
testEnum55#1,81,18,250,0,27,125,206,true,44
testEnum56#1,52,10,114,0,16,63,98,true,5
testEnum57#1,48,8,79,0,3,47,81,true,2
testEnum58#1,64,12,118,0,4,68,121,true,4
testEnum59#1,53,11,131,0,8,69,119,true,21
testEnum60#1,62,14,191,0,28,102,160,true,7
testEnum61#1,66,16,249,0,39,125,210,true,16
testEnum62#1,112,10,106,0,4,62,108,true,3
testEnum63#1,65,12,141,0,17,78,125,true,6
testEnum64#1,209,25,400,0,73,193,288,true,64
testEnum65#1,543,103,1832,0,372,874,1433,true,256
testEnum66#1,325,59,749,0,61,392,609,true,156
testEnum67#1,61,12,146,0,17,81,130,true,6
testEnum68#1,65,12,141,0,17,78,125,true,6
testEnum69#1,63,12,141,0,17,78,125,true,6
testEnum70#1,105,14,310,0,32,163,183,true,85
testEnum71#1,53,12,106,0,7,63,104,true,9
testEnum72#1,60,12,288,0,29,150,164,true,82
testEnum73#1,53,12,106,0,7,63,104,true,9
testEnum74#1,38,10,112,0,16,62,96,true,5
testEnum75#1,45,0,3,0,0,3,3,true,0
testEnum76#1,21,4,27,0,1,17,29,true,1
testEnum77#1,109,21,286,0,53,140,217,true,47
testEnum78#1,11,0,3,0,0,3,3,true,0
testEnum79#1,26,4,27,0,1,17,29,true,1
testEnum80#1,1195,284,5325,0,1283,2439,3830,true,1282
testEnum81#1,225,64,1204,0,286,559,832,true,276
testEnum81b#1,34,11,263,0,64,125,181,true,66
testEnum84#1,46,0,3,0,0,3,3,true,0
testEnumCaseWithWildcardAsFirstName#1,31,12,108,0,7,56,100,true,15
testEnumCaseWithWildcardAsFirstName#2,29,9,104,0,7,54,92,true,20
testErrors1#1,130,33,472,0,47,219,393,true,102
testErrors2#1,47,12,171,0,30,75,148,true,59
testErrors3#1,82,24,442,0,109,189,336,true,164
testErrors4#1,126,31,304,0,19,145,259,true,57
testErrors5#1,85,23,324,0,46,147,280,true,99
testErrors6#1,498,87,1657,0,623,655,1164,true,378
testErrors19#1,46,0,3,0,0,3,3,true,0
testErrors28#1,37,10,140,0,28,69,101,true,28
testErrors29#1,58,15,220,0,51,107,173,true,56
testErrors30#1,53,14,241,0,66,110,186,true,82
testErrors31#1,48,12,141,0,29,62,114,true,28
testErrors32#1,231,35,666,0,78,349,372,true,150
testEscapedIdentifiers1#1,20,6,48,0,2,26,51,true,10
testEscapedIdentifiers2#1,12,3,71,0,25,29,48,true,16
testEscapedIdentifiers3#1,15,4,105,0,1,67,43,true,14
testEscapedIdentifiers4#1,25,6,107,0,31,42,94,true,37
testEscapedIdentifiers6#1,7,3,71,0,25,29,48,true,16
testEscapedIdentifiers7#1,89,19,264,0,45,103,188,true,57
testEscapedIdentifiers8#1,44,11,229,0,45,101,173,true,58
testEscapedIdentifiers9#1,16,4,26,0,1,17,28,true,1
testEscapedIdentifiers10#1,22,4,52,0,4,26,38,true,4
testEscapedIdentifiers11#1,657,80,1274,0,282,570,952,true,314
testEscapedIdentifiers12#1,81,18,140,0,4,74,153,true,32
testEscapedIdentifiers13#1,98,18,140,0,4,74,153,true,32
testEscapedIdentifiers14#1,39,8,148,0,25,74,118,true,5
testEscapedIdentifiers15#1,161,23,457,0,65,221,265,true,73
testForeachAsync1#1,19,2,27,0,3,15,23,true,2
testForeachAsync2#1,325,67,880,0,120,416,718,true,225
testForeachAsync3#1,271,59,821,0,63,392,623,true,206
testForeachAsync4#1,182,36,585,0,107,261,429,true,123
testForeachAsync5#1,136,42,667,0,123,293,495,true,135
testForeachAsync5#3,149,48,798,0,133,348,572,true,175
testForeach1#1,210,52,702,0,63,320,547,true,172
testForeach2#1,103,34,565,0,108,250,407,true,103
testForeach2#2,114,40,647,0,124,282,473,true,115
testForeach2#3,127,46,778,0,134,337,550,true,155
testForwardSlashRegexSkippingAllowed7#1,52,24,580,0,107,255,457,true,60
testForwardSlashRegexSkippingAllowed8#1,141,61,1105,0,232,501,812,true,156
testForwardSlashRegexSkippingAllowed9#1,55,20,443,0,70,221,251,true,108
testForwardSlashRegexSkippingAllowed11#1,191,113,2148,0,490,927,1542,true,610
testForwardSlashRegexSkippingAllowed12#1,56,20,443,0,70,221,251,true,108
testForwardSlashRegexSkippingAllowed13#1,70,30,711,0,181,308,586,true,170
testForwardSlashRegexSkippingInvalid7#1,35,12,202,0,38,94,151,true,50
testForwardSlashRegexSkipping3#1,45,23,298,0,40,135,234,true,60
testForwardSlashRegexSkipping4#1,34,12,285,2,60,132,206,true,103
testForwardSlashRegexSkipping5#1,48,17,267,2,52,121,233,true,98
testForwardSlashRegexSkipping6#1,75,25,271,0,35,121,268,true,81
testForwardSlashRegexSkipping7#1,25,16,228,0,42,94,196,true,64
testForwardSlashRegexSkipping8#1,21,11,158,0,26,75,116,true,21
testForwardSlashRegexSkipping9#1,21,11,158,0,26,74,115,true,20
testForwardSlashRegexSkipping10#1,25,15,216,0,42,88,186,true,62
testForwardSlashRegexSkipping11#1,27,17,238,0,55,103,180,true,40
testForwardSlashRegexSkipping12#1,26,16,224,0,42,91,194,true,63
testForwardSlashRegexSkipping13#1,28,16,240,0,52,106,181,true,36
testForwardSlashRegexSkipping14#1,30,17,245,0,52,106,188,true,37
testForwardSlashRegexSkipping15#1,64,37,457,0,80,209,355,true,81
testForwardSlashRegexSkipping16#1,48,18,370,0,87,160,298,true,91
testForwardSlashRegexSkipping17#1,38,14,284,0,47,133,207,true,41
testForwardSlashRegexSkipping18#1,34,16,278,0,60,120,233,true,80
testForwardSlashRegexSkipping20#1,42,14,284,0,47,133,207,true,41
testForwardSlashRegexSkipping21#1,41,15,318,0,74,136,254,true,105
testForwardSlashRegexSkipping23#1,31,10,167,0,28,79,110,true,23
testForwardSlashRegexSkipping24#1,32,10,167,0,28,79,110,true,23
testForwardSlashRegexSkipping25#1,32,10,167,0,28,79,110,true,23
testForwardSlashRegexSkipping26#1,24,15,320,1,73,143,224,true,111
testForwardSlashRegexSkipping27#1,22,13,237,1,64,105,179,true,74
testForwardSlashRegexSkipping28#1,22,13,169,0,27,79,123,true,20
testForwardSlashRegexSkipping29#1,25,15,255,0,43,115,164,true,51
testForwardSlashRegexSkipping30#1,24,15,206,0,28,97,136,true,25
testForwardSlashRegexSkipping32#1,20,11,139,0,26,67,113,true,16
testForwardSlashRegexSkipping33#1,20,11,139,0,26,67,113,true,16
testForwardSlashRegexSkipping35#1,21,11,139,0,26,67,113,true,16
testForwardSlashRegexSkipping36#1,21,11,139,0,26,67,113,true,16
testForwardSlashRegexSkipping39#1,22,11,158,0,26,74,115,true,20
testForwardSlashRegexSkipping42#1,23,12,166,0,26,77,123,true,21
testForwardSlashRegexSkipping43#1,25,13,200,0,37,90,165,true,54
testForwardSlashRegexSkipping44#1,25,13,200,0,37,90,165,true,54
testForwardSlashRegexSkipping45#1,23,11,138,0,26,67,110,true,13
testForwardSlashRegexSkipping46#1,23,11,138,0,26,67,110,true,13
testForwardSlashRegexSkipping47#1,37,25,293,0,38,126,259,true,64
testForwardSlashRegexSkipping48#1,27,14,204,0,37,90,171,true,54
testForwardSlashRegexSkipping49#1,27,14,204,0,37,90,171,true,54
testForwardSlashRegexSkipping50#1,25,12,140,0,26,67,116,true,13
testForwardSlashRegexSkipping51#1,25,12,140,0,26,67,116,true,13
testForwardSlashRegexSkipping52#1,40,26,297,0,38,126,265,true,64
testForwardSlashRegexSkipping53#1,30,16,235,0,52,105,183,true,50
testForwardSlashRegexSkipping54#1,30,16,235,0,52,105,183,true,50
testForwardSlashRegexSkipping55#1,28,14,178,0,39,84,137,true,18
testForwardSlashRegexSkipping56#1,28,14,178,0,39,84,137,true,18
testForwardSlashRegexSkipping57#1,42,28,328,0,53,141,277,true,60
testForwardSlashRegex1#1,56,9,384,0,46,206,184,true,126
testForwardSlashRegex2#1,38,17,323,0,55,155,199,true,75
testForwardSlashRegex8#1,69,23,437,0,51,213,301,true,99
testForwardSlashRegex9#1,67,23,426,0,51,210,287,true,85
testForwardSlashRegex10#1,69,23,437,0,51,213,301,true,99
testForwardSlashRegex11#1,19,9,301,3,58,119,277,true,277
testForwardSlashRegex12#1,13,8,151,1,39,63,125,true,49
testForwardSlashRegex13#1,9,7,162,1,48,67,118,true,45
testForwardSlashRegex14#1,12,7,211,3,78,82,173,true,101
testForwardSlashRegex15#1,8,5,114,0,24,52,69,true,12
testForwardSlashRegex16#1,8,5,114,0,24,51,68,true,11
testForwardSlashRegex19#1,14,8,224,6,66,92,207,true,113
testForwardSlashRegex21#1,6,4,116,0,26,53,57,true,8
testForwardSlashRegex22#1,8,6,150,1,48,61,108,true,43
testForwardSlashRegex23#1,10,8,181,1,63,76,120,true,39
testForwardSlashRegex26#1,9,6,150,1,48,61,108,true,43
testForwardSlashRegex27#1,11,8,181,1,63,76,120,true,39
testForwardSlashRegex29#1,8,6,159,1,58,64,123,true,58
testForwardSlashRegex30#1,13,9,265,2,82,105,198,true,95
testForwardSlashRegex31#1,11,9,340,13,114,120,312,true,312
testForwardSlashRegex32#1,13,8,228,3,89,88,187,true,109
testForwardSlashRegex33#1,13,8,231,3,89,87,196,true,118
testForwardSlashRegex34#1,28,10,189,0,40,85,121,true,25
testForwardSlashRegex35#1,17,8,235,2,90,92,191,true,113
testForwardSlashRegex36#1,10,7,194,1,59,85,132,true,40
testForwardSlashRegex39#1,27,13,242,1,84,104,173,true,60
testForwardSlashRegex41#1,12,10,383,19,122,128,379,true,379
testForwardSlashRegex42#1,15,9,265,2,82,105,198,true,95
testForwardSlashRegex43#1,13,9,346,13,124,125,320,true,320
testForwardSlashRegex44#1,10,6,177,2,68,74,138,true,69
testForwardSlashRegex47#1,12,7,183,1,60,79,121,true,35
testForwardSlashRegex48#1,44,16,242,1,49,107,186,true,64
testForwardSlashRegex50#1,20,16,346,2,112,137,239,true,103
testForwardSlashRegex53#1,9,7,175,1,62,69,122,true,48
testForwardSlashRegex57#1,40,11,171,1,39,76,147,true,62
testForwardSlashRegex60#1,17,15,313,2,96,132,217,true,71
testForwardSlashRegex61#1,19,15,313,2,96,132,217,true,71
testForwardSlashRegex62#1,18,15,313,2,96,132,217,true,71
testForwardSlashRegex63#1,18,15,313,2,96,132,217,true,71
testForwardSlashRegex64#1,18,15,306,2,99,128,213,true,71
testForwardSlashRegex65#1,13,11,233,1,74,100,150,true,45
testForwardSlashRegex67#1,13,9,198,1,60,86,136,true,40
testForwardSlashRegex68#1,15,9,198,1,60,86,136,true,40
testForwardSlashRegex69#1,38,15,333,0,49,151,232,true,47
testForwardSlashRegex70#1,38,15,333,0,50,150,232,true,47
testForwardSlashRegex71#1,24,9,296,1,78,136,208,true,60
testForwardSlashRegex73#1,21,8,240,0,45,110,160,true,32
testForwardSlashRegex74#1,19,8,239,2,74,102,193,true,89
testForwardSlashRegex75#1,23,8,240,0,45,110,160,true,32
testForwardSlashRegex76#1,22,8,236,0,46,109,154,true,33
testForwardSlashRegex77#1,19,8,191,2,64,75,169,true,92
testForwardSlashRegex78#1,20,8,184,0,36,82,123,true,24
testForwardSlashRegex79#1,11,6,135,1,39,57,109,true,47
testForwardSlashRegex83#1,56,15,280,1,71,134,197,true,48
testForwardSlashRegex84#1,18,9,155,2,58,68,137,true,67
testForwardSlashRegex86#1,31,9,165,1,48,77,118,true,38
testForwardSlashRegex87#1,9,6,162,2,69,69,126,true,59
testForwardSlashRegex88#1,14,8,235,5,110,92,203,true,124
testForwardSlashRegex89#1,49,14,171,1,41,78,145,true,42
testForwardSlashRegex90#1,25,12,234,2,81,107,180,true,63
testForwardSlashRegex92#1,16,7,193,1,51,79,135,true,54
testForwardSlashRegex93#1,18,8,193,1,51,79,137,true,54
testForwardSlashRegex94#1,17,10,249,1,86,100,165,true,73
testForwardSlashRegex99#1,13,6,150,1,48,63,106,true,44
testForwardSlashRegex100#1,14,10,322,4,114,132,238,true,119
testForwardSlashRegex102#1,16,4,116,0,26,53,57,true,8
testForwardSlashRegex103#1,17,4,116,0,26,53,57,true,8
testForwardSlashRegex104#1,17,4,116,0,26,53,57,true,8
testForwardSlashRegex108#1,9,6,158,0,27,74,84,true,36
testForwardSlashRegex108#2,8,6,168,0,39,75,105,true,37
testForwardSlashRegex109#1,11,8,186,0,37,88,92,true,29
testForwardSlashRegex110#1,10,7,166,0,27,77,92,true,44
testForwardSlashRegex110#2,9,7,176,0,39,78,113,true,38
testForwardSlashRegex111#1,12,9,192,0,39,91,100,true,37
testForwardSlashRegex112#1,37,22,522,0,102,233,301,true,118
testForwardSlashRegex114#1,27,13,349,0,77,156,227,true,86
testForwardSlashRegex117#1,21,12,280,0,68,125,178,true,38
testForwardSlashRegex118#1,108,8,206,0,49,92,136,true,45
testForwardSlashRegex119#1,51,8,206,0,49,92,136,true,45
testForwardSlashRegex122#1,49,22,531,0,146,225,337,true,92
testForwardSlashRegex123#1,12,7,158,0,38,65,103,true,29
testForwardSlashRegex124#1,10,5,116,0,28,53,68,true,28
testForwardSlashRegex125#1,18,9,207,0,48,91,140,true,41
testForwardSlashRegex127#1,24,12,276,0,67,120,199,true,60
testForwardSlashRegex128#1,39,19,409,0,101,173,300,true,115
testForwardSlashRegex130#1,8,6,156,0,41,70,83,true,18
testForwardSlashRegex131#1,9,7,178,0,51,78,108,true,35
testForwardSlashRegex132#1,13,11,308,0,74,137,183,true,59
testForwardSlashRegex133#1,11,9,276,1,71,120,177,true,102
testForwardSlashRegex134#1,9,7,193,1,62,82,132,true,65
testForwardSlashRegex135#1,9,7,125,0,25,56,76,true,11
testForwardSlashRegex136#1,12,9,211,0,41,92,117,true,42
testForwardSlashRegex137#1,11,9,162,0,26,74,89,true,16
testForwardSlashRegex141#1,31,14,278,0,27,125,175,true,52
testForwardSlashRegex147#1,8,6,150,1,48,61,108,true,43
testForwardSlashRegex148#1,10,8,182,0,52,78,114,true,34
testForwardSlashRegex152#1,13,8,181,0,46,82,114,true,33
testForwardSlashRegex155#1,7,5,95,0,24,44,66,true,7
testForwardSlashRegex157#1,8,5,114,0,24,51,68,true,11
testForwardSlashRegex160#1,10,3,85,0,23,40,51,true,4
testForwardSlashRegex161#1,9,6,141,0,38,58,97,true,33
testForwardSlashRegex162#1,10,6,120,0,24,53,74,true,12
testForwardSlashRegex163#1,0,0,3,0,0,3,3,true,0
testForwardSlashRegex167#1,8,5,114,0,24,51,68,true,11
testForwardSlashRegex169#1,7,5,95,0,24,44,66,true,7
testForwardSlashRegex170#1,7,5,95,0,24,44,66,true,7
testForwardSlashRegex172#1,7,5,95,0,24,44,66,true,7
testForwardSlashRegex173#1,7,5,95,0,24,44,66,true,7
testForwardSlashRegex175#1,9,7,156,0,35,67,118,true,45
testForwardSlashRegex176#1,9,7,156,0,35,67,118,true,45
testForwardSlashRegex177#1,7,5,94,0,24,44,63,true,4
testForwardSlashRegex178#1,7,5,94,0,24,44,63,true,4
testForwardSlashRegex179#1,21,19,249,0,36,103,212,true,55
testForwardSlashRegex180#1,11,8,160,0,35,67,124,true,45
testForwardSlashRegex181#1,11,8,160,0,35,67,124,true,45
testForwardSlashRegex182#1,9,6,96,0,24,44,69,true,4
testForwardSlashRegex183#1,9,6,96,0,24,44,69,true,4
testForwardSlashRegex184#1,23,20,253,0,36,103,218,true,55
testForwardSlashRegex185#1,13,10,191,0,50,82,136,true,41
testForwardSlashRegex186#1,13,10,191,0,50,82,136,true,41
testForwardSlashRegex187#1,11,8,134,0,37,61,90,true,9
testForwardSlashRegex188#1,11,8,134,0,37,61,90,true,9
testForwardSlashRegex189#1,25,22,284,0,51,118,230,true,51
testGenericDisambiguation1#1,134,48,487,0,38,271,403,true,80
testGenericDisambiguation2#1,41,8,52,0,1,32,58,true,3
testGenericDisambiguation3#1,68,35,339,0,35,162,308,true,92
testGenericDisambiguation4#1,26,13,121,0,11,62,105,true,18
testGenericDisambiguation5#1,20,10,116,0,5,53,98,true,13
testGenericDisambiguation6a#1,9,5,168,0,40,70,95,true,24
testGenericDisambiguation6b#1,18,11,330,0,86,137,185,true,55
testGenericDisambiguation6c#1,16,11,364,0,115,146,224,true,122
testGenericDisambiguation6d#1,12,11,384,1,148,149,257,true,152
testGenericDisambiguation6e#1,9,7,213,1,77,84,147,true,66
testGenericDisambiguation6f#1,11,7,177,0,52,75,104,true,17
testGenericDisambiguation7#1,15,7,287,3,107,114,220,true,136
testGenericDisambiguation8#1,359,190,6697,101,2259,2412,5498,true,4072
testGenericDisambiguation9#1,10,9,327,2,111,131,229,true,141
testGenericDisambiguation10#1,15,9,293,3,121,111,229,true,146
testGenericDisambiguation11#1,19,11,342,3,132,134,263,true,149
testGenericDisambiguation12#1,13,13,543,21,248,173,540,true,438
testGenericDisambiguation13#1,12,12,526,16,225,186,473,true,355
testGenericDisambiguation14#1,45,30,1089,32,486,371,980,true,718
testGenericDisambiguation15#1,7,6,161,2,66,63,138,true,87
testGenericDisambiguation16#1,11,10,232,0,75,92,174,true,99
testGenericDisambiguation17#1,47,19,603,3,192,239,409,true,208
testGenericDisambiguation18#1,24,14,407,1,121,165,270,true,154
testGuardTopLevel1#1,40,15,182,0,34,83,140,true,12
testGuardTopLevel2#1,50,6,48,0,2,26,51,true,10
testGuardTopLevel3#1,9,4,70,0,16,33,48,true,2
testHashbangLibrary1#1,29,5,140,0,1,86,49,true,19
testHashbangMain1#1,98,8,213,0,41,99,123,true,19
testIdentifiers1#1,27,13,121,0,11,62,105,true,18
testIdentifiers2#1,150,27,575,0,49,341,304,true,86
testIdentifiers3#1,27,11,163,0,65,65,160,true,92
testIdentifiers5#1,76,6,48,0,2,26,51,true,10
testStructNamedLowercaseAny#1,13,4,27,0,1,17,29,true,1
testIdentifiers9#1,217,27,740,0,226,317,423,true,44
testIdentifiers10#1,161,0,3,0,0,3,3,true,0
testIdentifiers11#1,58,10,244,0,39,121,137,true,32
testIdentifiers12#1,53,13,299,0,48,146,182,true,43
testIfconfigExpr1#1,57,16,417,0,62,211,238,true,104
testIfconfigExpr2#1,39,8,52,0,1,32,58,true,3
testIfconfigExpr3#1,217,47,577,0,89,259,472,true,120
testIfconfigExpr4#1,41,16,212,0,30,100,156,true,36
testIfconfigExpr5#1,118,23,493,0,85,247,290,true,103
testIfconfigExpr6#1,69,16,415,0,86,204,231,true,101
testIfconfigExpr10#1,156,30,729,2,141,353,442,true,217
testIfconfigExpr11#1,240,43,1135,0,153,592,559,true,220
testIfconfigExpr12#1,145,26,442,0,111,206,310,true,95
testIfconfigExpr13#1,48,15,388,0,61,194,192,true,192
testIfconfigExpr14#1,50,17,409,0,68,199,223,true,223
testIfconfigExpr15#1,52,19,420,0,75,201,240,true,240
testIfconfigExpr16#1,54,21,431,0,82,203,257,true,257
testIfconfigExpr17#1,56,23,442,0,89,205,274,true,274
testIfconfigExpr18#1,58,15,388,0,61,194,192,true,192
testIfconfigExpr19#1,62,17,409,0,68,199,223,true,223
testIfconfigExpr20#1,64,19,420,0,75,201,240,true,240
testIfconfigExpr21#1,66,21,431,0,82,203,257,true,257
testIfconfigExpr22#1,49,17,409,0,68,199,223,true,223
testIfconfigExpr23#1,36,12,296,0,35,155,138,true,30
testIfconfigExpr24#1,40,15,365,0,54,183,202,true,202
testIfconfigExpr25#1,45,19,437,0,72,211,270,true,270
testIfconfigExpr27#1,49,15,383,0,61,191,187,true,187
testIfconfigExpr28#1,52,18,415,0,68,201,231,true,231
testIfconfigExpr30#1,55,15,383,0,61,191,187,true,187
testIfConfigExpr33#1,29,9,271,0,37,145,110,true,32
testCanImportFuncCall#1,18,8,219,0,78,88,123,true,31
testArchFuncCall#1,6,3,71,0,25,29,48,true,16
testOsFuncCall#1,9,4,120,0,44,50,71,true,19
testTargetEnvironmentFuncCall#1,27,6,169,0,61,69,96,true,24
testCompilerFuncCall#1,11,4,120,0,44,50,71,true,19
testSwiftFuncCall#1,10,4,120,0,44,50,71,true,19
testUnknownPlatform1#1,27,7,224,0,24,121,81,true,28
testUnknownPlatform2#1,97,15,317,0,50,156,171,true,72
testUnknownPlatform3#1,97,15,317,0,50,156,171,true,72
testUnknownPlatform4#1,85,15,317,0,50,156,171,true,72
testUnknownPlatform5#1,84,15,317,0,50,156,171,true,72
testUnknownPlatform6#1,90,12,289,0,49,145,124,true,40
testUpcomingFeature1#1,25,7,224,0,18,125,90,true,26
testCanImportWithStringVersion#1,49,11,313,0,49,157,132,true,132
testImplicitGetterIncomplete1#1,92,24,537,0,55,272,311,true,100
testInitDeinit2#1,41,7,67,0,4,41,63,true,11
testInitDeinit4#1,70,11,113,0,6,62,96,true,22
testInitDeinit5a#1,43,5,44,0,1,28,46,true,1
testInitDeinit6#1,43,5,44,0,1,28,46,true,1
testInitDeinit7#1,46,7,51,0,1,30,56,true,6
testInitDeinit9#1,45,7,129,0,1,80,70,true,19
testInitDeinit12#1,26,7,75,0,1,40,82,true,23
testInitDeinit13#1,44,12,103,0,3,61,105,true,22
testInitDeinit14#1,129,15,160,0,10,88,142,true,29
testInitDeinit15#1,41,12,102,0,3,61,104,true,22
testInitDeinit16#1,53,15,160,0,10,88,142,true,29
testInitDeinit17#1,42,12,181,0,3,111,119,true,35
testInitDeinit18#1,78,21,289,0,48,147,232,true,75
testInitDeinit19#1,48,12,103,0,3,61,105,true,22
testInitDeinit20#1,56,15,160,0,10,88,142,true,29
testInitDeinit21#1,42,14,180,1,35,92,180,true,88
testInitDeinit22#1,140,48,732,1,137,314,576,true,284
testInitDeinit24#1,51,16,392,0,59,210,228,true,98
testInitDeinit25#1,56,17,357,0,54,193,225,true,85
testInitDeinit26#1,64,23,361,0,58,186,276,true,92
testInitDeinit27#1,74,25,438,0,90,214,330,true,114
testInitDeinit28#1,44,15,236,0,38,116,161,true,57
testDeinitInSwiftinterfaceIsFollowedByFinalFunc#1,41,10,228,0,12,138,122,true,36
testDeinitAsync#1,50,8,199,0,1,125,93,true,41
testAsyncDeinit#1,50,8,195,0,11,116,94,true,37
testInvalidStringInterpolationProtocol1#1,646,77,1360,0,147,710,852,true,316
testInvalidStringInterpolationProtocol2#1,238,31,632,0,70,342,378,true,148
testInvalidStringInterpolationProtocol3#1,433,70,1353,0,142,693,820,true,327
testInvalidStringInterpolationProtocol4#1,267,31,632,0,70,342,378,true,148
testInvalidStringInterpolationProtocol5#1,242,43,752,0,75,370,472,true,179
testInvalidStringInterpolationProtocol6#1,426,65,920,0,85,465,632,true,177
testInvalidStringInterpolationProtocol7#1,630,88,1553,0,167,811,969,true,360
testInvalid5#1,19,6,48,0,2,26,51,true,10
testInvalid7#1,12,5,76,0,30,32,72,true,31
testInvalid12#1,51,15,122,0,8,67,110,true,7
testInvalid16a#1,37,11,108,0,7,55,96,true,17
testInvalid28#1,148,20,448,0,69,222,262,true,116
testInvalid30#1,32,22,354,0,84,150,210,true,28
testInvalid32#1,43,11,121,0,9,61,105,true,18
testInvalid33#1,55,18,179,0,11,87,167,true,29
testInvalid34#1,43,11,121,0,9,61,105,true,18
testInvalid35#1,40,11,121,0,9,61,105,true,18
testInvalid36#1,33,11,121,0,9,61,105,true,18
testInvalid37#1,49,11,168,0,9,97,97,true,25
testInvalid38#1,44,14,146,0,14,72,124,true,22
testInvalid39#1,28,9,72,0,8,38,66,true,6
testInvalid40#1,72,17,270,1,44,126,209,true,89
testMatchingPatterns1#1,21,2,27,0,3,15,23,true,2
testMatchingPatterns3#1,9,4,77,0,9,32,57,true,14
testMatchingPatterns4#1,43,16,266,0,49,116,209,true,209
testMatchingPatterns5#1,33,14,92,0,9,53,91,true,5
testMatchingPatterns7#1,64,23,478,0,116,225,274,true,52
testMatchingPatterns8#1,15,6,118,0,18,50,85,true,18
testMatchingPatterns7a#1,40,14,367,0,104,167,206,true,66
testMatchingPatterns9#1,132,45,758,0,92,327,489,true,181
testMatchingPatterns10#1,43,10,76,0,2,44,80,true,3
testMatchingPatterns11#1,69,26,355,0,42,160,271,true,84
testMatchingPatterns12#1,540,153,2764,0,632,1285,2032,true,676
testMatchingPatterns13#1,275,86,2353,0,695,951,1794,true,975
testMatchingPatterns14#1,402,131,3694,26,1182,1464,2971,true,1810
testMatchingPatterns15#1,17,4,88,0,17,40,68,true,9
testMatchingPatterns16#1,36,10,198,0,51,98,119,true,19
testMatchingPatterns17#1,330,74,1471,6,355,626,1201,true,622
testMatchingPatterns18#1,151,34,686,3,177,290,550,true,291
testMatchingPatterns19#1,30,7,124,0,22,53,87,true,22
testMatchingPatterns20#1,286,58,1322,0,356,561,1038,true,548
testMatchingPatterns21#1,70,0,3,0,0,3,3,true,0
testMatchingPatterns22#1,55,11,136,0,10,68,111,true,29
testMatchingPatterns23#1,107,30,428,0,73,193,338,true,97
testMatchingPatterns25#1,21,0,3,0,0,3,3,true,0
testMatchingPatterns26#1,120,33,541,0,69,245,400,true,100
testMatchingPatterns27#1,18,0,3,0,0,3,3,true,0
testMatchingPatterns28#1,17,10,221,0,52,102,153,true,13
testMatchingPatterns29#1,205,91,1947,0,320,849,1282,true,625
testMatchingPatterns31#1,39,10,230,0,4,145,105,true,32
testMatchingPatterns32#1,110,38,718,0,163,310,429,true,115
testMatchingPatterns33#1,52,11,146,0,19,61,137,true,32
testMatchingPatterns34#1,60,18,324,0,82,167,229,true,30
testMatchingPatterns35#1,81,29,524,0,150,260,369,true,77
testIfCaseMatchBorrowing#1,63,17,451,0,126,194,292,true,144
testBorrowingContextualParsing#1,85,12,315,0,84,141,245,true,127
testBorrowingContextualParsing#2,77,10,267,0,62,126,182,true,75
testBorrowingContextualParsing#3,60,9,265,0,61,129,163,true,61
testBorrowingContextualParsing#4,71,13,322,0,79,152,186,true,74
testBorrowingContextualParsing#5,129,11,296,0,74,137,195,true,95
testBorrowingContextualParsing#6,84,9,195,0,42,101,122,true,20
testBorrowingContextualParsing#7,75,10,269,0,56,136,167,true,46
testBorrowingContextualParsing#8,135,12,331,0,58,167,197,true,71
testBorrowingContextualParsing#9,79,14,278,0,76,136,176,true,23
testMetatypeObjectConversion1#1,22,8,130,0,1,82,72,true,16
testMetatypeObjectConversion3#1,38,10,101,0,7,52,88,true,16
testMetatypeObjectConversion4#1,119,24,442,0,159,184,326,true,107
testMetatypeObjectConversion5#1,296,39,675,0,162,285,487,true,170
testModuleSelectorImports#1,41,5,38,0,3,18,37,true,7
testModuleSelectorCorrectCode#1,40,6,39,0,3,22,41,true,7
testModuleSelectorCorrectCode#2,45,10,80,0,9,43,79,true,11
testModuleSelectorCorrectCode#5,59,22,324,0,47,129,252,true,111
testModuleSelectorCorrectCode#6,53,12,149,0,36,58,137,true,52
testModuleSelectorCorrectCode#7,34,12,156,1,78,60,150,true,71
testModuleSelectorCorrectCode#8,39,7,95,0,43,36,95,true,48
testModuleSelectorCorrectCode#9,54,13,216,0,86,83,163,true,73
testModuleSelectorCorrectCode#10,52,13,239,0,85,93,184,true,89
testModuleSelectorCorrectCode#11,21,7,95,0,43,36,95,true,48
testModuleSelectorIncorrectAttrNames#1,25,6,173,0,24,84,87,true,35
testModuleSelectorIncorrectAttrNames#2,35,11,336,0,64,143,211,true,133
testModuleSelectorIncorrectAttrNames#3,53,16,156,0,10,73,136,true,34
testModuleSelectorWhitespace#1,16,5,95,0,37,39,68,true,21
testModuleSelectorWhitespace#2,17,5,95,0,37,39,68,true,21
testModuleSelectorWhitespace#3,17,5,95,0,37,39,68,true,21
testModuleSelectorWhitespace#4,18,5,95,0,37,39,68,true,21
testModuleSelectorWhitespace#5,17,5,95,0,37,39,68,true,21
testModuleSelectorWhitespace#6,18,5,95,0,37,39,68,true,21
testModuleSelectorMacroDecls#1,52,10,61,0,3,36,65,true,9
testModuleSelectorAttrs#3,75,32,540,0,62,224,440,true,225
testModuleSelectorExpr#1,23,9,150,0,50,66,129,true,34
testModuleSelectorExpr#2,26,10,181,0,45,68,159,true,81
testModuleSelectorExpr#3,14,5,95,0,37,39,68,true,21
testModuleSelectorExpr#4,15,5,95,0,37,39,68,true,21
testModuleSelectorExpr#5,21,5,95,0,37,39,68,true,21
testModuleSelectorExpr#6,15,5,95,0,37,39,68,true,21
testModuleSelectorExpr#7,15,5,95,0,37,39,68,true,21
testModuleSelectorExpr#8,52,16,334,0,57,151,222,true,110
testModuleSelectorExpr#9,55,16,334,0,57,151,222,true,110
testModuleSelectorExpr#10,15,5,95,0,37,39,68,true,21
testModuleSelectorExpr#11,14,5,95,0,37,39,68,true,21
testModuleSelectorExpr#12,15,5,94,0,38,38,66,true,19
testModuleSelectorExpr#13,15,6,101,0,34,46,82,true,26
testModuleSelectorExpr#14,19,8,122,0,46,48,107,true,45
testModuleSelectorExpr#15,22,9,141,0,56,52,127,true,62
testModuleSelectorExpr#16,14,7,127,0,48,48,106,true,48
testModuleSelectorExpr#17,17,7,127,0,48,48,106,true,48
testModuleSelectorExpr#18,22,9,148,0,57,55,137,true,70
testModuleSelectorExpr#19,22,9,148,0,57,55,137,true,70
testModuleSelectorExpr#20,26,9,148,0,57,55,137,true,70
testModuleSelectorExpr#21,31,12,233,0,73,94,173,true,67
testModuleSelectorType#1,26,11,105,0,8,51,98,true,27
testModuleSelectorType#2,25,11,105,0,8,51,98,true,27
testModuleSelectorType#3,25,11,105,0,8,51,98,true,27
testModuleSelectorType#4,30,13,126,0,13,58,124,true,44
testModuleSelectorType#5,34,13,126,0,13,58,124,true,44
testModuleSelectorType#6,29,13,126,0,13,58,124,true,44
testModuleSelectorType#7,30,13,126,0,13,58,124,true,44
testMoveExpr4#1,8,4,120,0,44,50,71,true,19
testConsumeExpr1#1,68,17,281,0,52,121,216,true,58
testConsumeExpr2#1,61,17,248,0,58,105,207,true,66
testConsumeExpr3#1,78,22,376,0,100,151,291,true,97
testConsumeVariableNameInCast#1,150,31,546,0,58,297,325,true,76
testMultilineString1#1,12,2,27,0,3,15,23,true,2
testMultilineString2#1,38,0,3,0,0,3,3,true,0
testMultilineString3#1,37,3,85,0,23,39,53,true,4
testMultilineString4#1,28,3,85,0,23,39,53,true,4
testMultilineString5#1,34,3,85,0,23,39,53,true,4
testMultilineString6#1,30,3,85,0,23,39,53,true,4
testMultilineString7#1,39,3,85,0,23,39,53,true,4
testMultilineString9#1,33,3,85,0,23,39,53,true,4
testMultilineString11#1,35,3,85,0,23,39,53,true,4
testMultilineString12#1,51,3,85,0,23,39,53,true,4
testMultilineString13#1,40,5,128,0,35,60,80,true,4
testMultilineString14#1,35,3,85,0,23,39,53,true,4
testMultilineString15#1,35,3,85,0,23,39,53,true,4
testMultilineString16#1,14,3,85,0,23,39,53,true,4
testMultilineString17#1,18,3,85,0,23,39,53,true,4
testMultilineString18#1,20,3,85,0,23,39,53,true,4
testMultilineString20#1,16,3,85,0,23,39,53,true,4
testMultilineString24#1,41,3,85,0,23,39,53,true,4
testMultilineString25#1,34,3,85,0,23,39,53,true,4
testMultilineString26#1,142,7,173,0,47,81,107,true,4
testMultilineString27#1,32,3,85,0,23,39,53,true,4
testMultilineString29#1,38,3,85,0,23,39,53,true,4
testMultilineString31#1,35,3,85,0,23,39,53,true,4
testMultilineString34#1,25,3,85,0,23,39,53,true,4
testMultilineString37#1,17,3,85,0,23,39,53,true,4
testMultilineString39#1,16,3,85,0,23,39,53,true,4
testMultilineString41#1,15,3,85,0,23,39,53,true,4
testMultilineString42#1,56,9,218,0,57,100,141,true,8
testMultilineString43#1,31,5,127,0,35,59,80,true,4
testMultilineString44#1,53,5,129,0,35,60,80,true,4
testMultilineString45#1,56,5,127,0,35,59,80,true,4
testMultilineString46#1,188,7,171,0,47,80,107,true,4
testEscapeNewlineInRawString#1,24,1,53,0,12,27,30,true,1
testEscapeLastNewlineInRawString#1,27,1,53,0,12,27,30,true,1
testNoimplicitcopyAttr1#1,111,1,54,0,16,24,26,true,3
testNoimplicitcopyAttr3#1,14,4,105,0,1,67,43,true,14
testNoimplicitcopyAttr7#1,138,32,529,0,142,213,458,true,185
testNumberIdentifierErrors1#1,179,0,3,0,0,3,3,true,0
testObjcEnum1#1,48,14,229,0,27,122,140,true,29
testObjcEnum2#1,55,17,249,0,31,132,157,true,31
testObjcEnum3#1,74,17,343,0,64,161,227,true,104
testObjcEnum4#1,47,12,207,0,24,109,121,true,26
testObjcEnum5#1,80,26,448,0,84,200,362,true,170
testObjcEnum6#1,48,12,98,0,5,57,99,true,6
testObjcEnum7#1,81,26,510,0,57,267,280,true,77
testObjcEnum8#1,151,15,289,0,35,146,171,true,55
testObjectLiterals2a#1,76,22,451,0,138,179,277,true,128
testObjectLiterals2b#1,55,10,184,0,54,77,136,true,59
testObjectLiterals2c#1,71,10,184,0,54,77,136,true,59
testObjectLiterals3a#1,18,5,70,0,14,37,55,true,6
testObjectLiterals3b#1,24,10,194,0,48,89,159,true,44
testObjectLiterals3c#1,14,5,70,0,14,37,55,true,6
testObjectLiterals8#1,30,7,109,0,22,56,71,false,0
testOperatorDeclDesignatedTypes1#1,56,7,30,0,1,15,34,true,3
testOperatorDeclDesignatedTypes2#1,86,10,46,0,2,22,51,true,4
testOperatorDeclDesignatedTypes3#1,40,4,27,0,1,17,29,true,1
testOperatorDeclDesignatedTypes4#1,41,4,27,0,1,17,29,true,1
testOperatorDeclDesignatedTypes5#1,39,4,27,0,1,17,29,true,1
testOperatorDeclDesignatedTypes6#1,166,17,408,0,46,217,211,true,112
testOperatorDeclDesignatedTypes7#1,59,9,362,0,46,200,156,true,98
testOperatorDeclDesignatedTypes8#1,42,5,131,0,16,72,62,true,33
testOperatorDeclDesignatedTypes9#1,58,7,150,0,16,77,87,true,44
testOperatorDeclDesignatedTypes10#1,39,5,131,0,16,72,62,true,33
testOperatorDeclDesignatedTypes11#1,40,5,131,0,16,72,62,true,33
testOperatorDeclDesignatedTypes12#1,84,10,260,0,31,142,124,true,67
testOperatorDeclDesignatedTypes13#1,88,18,388,0,31,222,196,true,84
testOperatorDeclDesignatedTypes14#1,58,10,260,0,31,142,124,true,67
testOperatorDeclDesignatedTypes15#1,60,10,260,0,31,142,124,true,67
testOperatorDeclDesignatedTypes16#1,43,7,152,0,16,78,89,true,44
testOperatorDeclDesignatedTypes17#1,87,10,260,0,31,142,124,true,67
testOperatorDeclDesignatedTypes18#1,262,44,911,0,91,457,550,true,280
testOperatorDeclDesignatedTypes19#1,43,6,136,0,16,74,67,true,35
testOperatorDecl3#1,25,5,131,0,16,72,62,true,33
testOperatorDecl5#1,26,5,131,0,16,72,62,true,33
testOperatorDecl11a#1,18,3,122,0,16,68,52,true,32
testOperatorDecl11b#1,19,3,122,0,16,68,52,true,32
testOperatorDecl11c#1,18,3,122,0,16,68,52,true,32
testOperatorDecl11d#1,19,3,122,0,16,68,52,true,32
testOperatorDecl16#1,43,11,51,0,2,24,56,true,3
testOperatorDecl17#1,76,10,41,0,1,19,47,true,6
testOperatorDecl18#1,74,10,41,0,1,21,47,true,2
testOperatorDecl19#1,34,7,180,0,1,115,73,true,24
testOperatorDecl20#1,47,5,131,0,16,72,62,true,33
testOperatorDecl21#1,48,11,175,0,16,92,116,true,46
testOperatorDecl22#1,46,0,3,0,0,3,3,true,0
testRegexLikeOperator#1,19,3,133,0,16,71,66,true,46
testOperators1#1,52,0,3,0,0,3,3,true,0
testOperators2#1,96,15,175,0,17,92,113,true,38
testOperators4#1,175,22,203,0,17,106,147,true,40
testOperators5#1,36,4,20,0,1,11,22,true,1
testOperators6#1,46,12,77,0,1,47,87,true,5
testOperators7#1,44,12,77,0,1,47,87,true,5
testOperators8#1,64,12,77,0,1,47,87,true,5
testOperators9#1,37,4,27,0,1,17,29,true,1
testOperators10#1,135,45,575,0,40,272,453,true,131
testOperators11#1,133,28,343,0,24,165,273,true,71
testOperators12#1,77,29,510,0,137,177,450,true,181
testOperators13#1,40,6,242,0,31,134,104,true,65
testOperators14#1,54,14,94,0,2,55,104,true,8
testOperators15#1,74,22,461,0,66,227,287,true,129
testOperators16#1,31,11,132,0,36,59,119,true,35
testOperators17#1,64,8,176,2,76,67,159,true,159
testOperators18#1,53,9,362,0,46,200,156,true,98
testOperators19#1,76,24,502,0,69,244,316,true,145
testOperators20#1,38,15,193,0,14,92,151,true,43
testOperators21#1,144,54,927,0,260,332,818,true,818
testOperators22#1,66,22,419,0,71,189,291,true,121
testOperators23#1,22,11,212,1,66,78,183,true,183
testOperators25#1,17,3,122,0,16,68,52,true,32
testOperators26#1,25,10,214,0,32,107,132,true,56
testOperators27#1,78,12,159,0,16,85,96,true,37
testOperators28#1,55,17,249,0,29,115,186,true,52
testOperators29#1,76,25,418,0,57,181,307,true,84
testOperators30#1,138,3,122,0,16,68,52,true,32
testOperators31#1,26,13,152,0,11,75,122,true,27
testOperators32#1,15,6,93,0,26,38,81,true,26
testOperators33#1,20,6,93,0,26,38,81,true,26
testOptionalChainLvalues1#1,188,28,419,0,48,210,316,true,64
testOptionalChainLvalues2#1,208,30,413,0,54,202,320,true,70
testOptionalChainLvalues3#1,31,12,183,0,30,77,144,true,27
testOptionalChainLvalues4#1,38,6,242,0,31,134,104,true,65
testOptionalChainLvalues5#1,124,40,748,0,133,356,486,true,195
testOptionalChainLvalues6#1,110,47,777,0,341,317,681,true,319
testOptionalChainLvalues7#1,63,16,238,0,108,99,217,true,100
testOptionalChainLvalues8#1,179,87,1632,0,627,664,1316,true,523
testOptionalLvalues1#1,170,21,309,0,37,151,243,true,40
testOptionalLvalues2#1,251,23,303,0,43,143,247,true,46
testOptionalLvalues3#1,144,12,183,0,30,77,144,true,27
testOptionalLvalues4#1,23,5,86,0,27,36,75,true,23
testOptionalLvalues5#1,153,76,1403,0,565,551,1196,true,530
testOptionalLvalues6#1,153,76,1403,0,565,551,1196,true,530
testOptionalLvalues7#1,129,14,249,0,46,101,206,true,55
testOptionalLvalues8#1,75,32,594,0,233,226,480,true,215
testOptionalLvalues9#1,71,28,554,0,193,214,416,true,175
testOptionalLvalues10#1,19,9,100,0,7,51,86,true,17
testOptionalLvalues11#1,60,18,361,0,115,139,282,true,107
testOptionalLvalues12#1,24,10,230,0,4,145,105,true,32
testOptionalLvalues13#1,30,16,257,0,69,106,204,true,62
testOptional1#1,28,10,69,0,2,40,75,true,6
testOptional3a#1,10,5,92,0,30,39,67,true,13
testOptional3b#1,22,13,183,0,58,63,167,true,80
testOptional4#1,31,17,254,0,55,97,202,true,74
testOptional5#1,30,17,375,5,124,134,368,true,242
testPatternWithoutVariablesScript1#1,5,3,89,0,23,42,58,true,4
testPatternWithoutVariables4#1,116,6,52,0,2,32,54,true,1
testPatternWithoutVariables5#1,451,110,2304,0,560,1080,1581,true,512
testPatternWithoutVariables6#1,90,8,217,0,18,128,89,false,0
testMutatingNotADeclarationStartIfNotEnabled#1,13,3,102,0,26,46,59,true,5
testPlaygroundLvalues1#1,26,12,220,0,40,104,172,true,14
testPlaygroundLvalues2#1,15,11,375,0,114,154,208,true,63
testPoundAssert1#1,18,7,167,0,50,77,121,true,34
testPoundAssert2#1,35,9,209,0,62,97,148,true,34
testPrefixSlash4#1,23,18,455,0,108,194,319,true,153
testPrefixSlash6#1,53,42,977,0,268,405,654,true,308
testPrefixSlash8#1,17,11,275,0,72,114,196,true,70
testRawString2#1,217,3,87,0,23,41,53,true,4
testRawString3#1,56,3,87,0,23,41,53,true,4
testRawString5#1,41,3,87,0,23,41,53,true,4
testRawString6#1,32,3,87,0,23,41,53,true,4
testRawString7#1,38,3,87,0,23,41,53,true,4
testRawString8#1,43,3,87,0,23,41,53,true,4
testRawString9#1,66,3,87,0,23,41,53,true,4
testRawString10#1,40,0,3,0,0,3,3,true,0
testRawString11#1,14,3,87,0,23,41,53,true,4
testRawString12#1,25,3,87,0,23,41,53,true,4
testRawString13#1,22,3,87,0,23,41,53,true,4
testRawString14#1,34,3,87,0,23,41,53,true,4
testRawString15#1,55,3,87,0,23,41,53,true,4
testRawString16#1,55,0,3,0,0,3,3,true,0
testRawString17#1,490,3,87,0,23,41,53,true,4
testRawString18#1,10,3,87,0,23,41,53,true,4
testRawString19#1,11,3,87,0,23,41,53,true,4
testRawString20#1,12,3,88,0,23,41,54,true,4
testRawString21#1,9,3,87,0,23,41,53,true,4
testRawString22#1,22,3,87,0,23,41,53,true,4
testRawString23#1,22,3,87,0,23,41,53,true,4
testRawString24#1,16,3,87,0,23,41,53,true,4
testRawString25#1,44,5,129,0,35,61,80,true,4
testRawString26#1,57,5,132,0,35,62,81,true,4
testRawString27#1,59,7,155,0,35,74,107,true,7
testRawString28#1,83,5,131,0,35,62,80,true,4
testRawString30#1,18,1,53,0,12,27,30,true,1
testRawString32#1,24,3,87,0,23,41,53,true,4
testRawString33#1,32,3,87,0,23,41,53,true,4
testRawString34#1,435,30,852,0,221,392,530,true,49
testRecovery6#1,62,17,258,0,21,139,170,true,42
testRecovery8#1,68,16,319,0,28,160,194,true,63
testRecovery9#1,68,19,262,0,52,112,213,true,77
testRecovery11#1,47,15,213,0,49,99,154,true,48
testRecovery12#1,56,11,163,0,41,80,123,true,25
testRecovery27#1,44,6,122,0,37,54,77,true,21
testRecovery65#1,17,3,84,0,26,37,47,true,4
testRecovery111#1,8,0,3,0,0,3,3,true,0
testRecovery112#1,13,4,105,0,1,67,43,true,14
testRecovery115#1,51,0,3,0,0,3,3,true,0
testRecovery117#1,140,12,140,0,16,62,132,true,35
testRecovery123#1,18,7,125,0,5,77,60,true,16
testRecovery124#1,60,15,292,0,5,187,139,true,37
testRecovery132#1,16,7,200,0,40,86,130,true,16
testRecovery152#1,50,23,467,0,133,200,283,true,45
testRecovery154#1,150,15,208,0,43,92,152,true,14
testRecovery161#1,126,16,218,0,36,107,202,true,51
testRecovery162#1,193,28,637,0,131,309,421,true,124
testRecovery165#1,109,11,176,0,23,82,135,true,56
testRecovery166#1,48,13,200,0,25,91,146,true,61
testRecovery167#1,100,19,301,0,81,132,235,true,69
testRecovery168#1,429,21,341,0,70,150,230,true,54
testRegexParseError2#1,9,3,85,0,23,40,51,true,4
testRegexParseError5#1,9,3,85,0,23,40,51,true,4
testRegexParseError10#1,10,3,85,0,23,40,51,true,4
testRegexParseError11#1,11,3,85,0,23,40,51,true,4
testRegexParseError12#1,14,3,85,0,23,40,51,true,4
testRegexParseError13#1,15,3,85,0,23,40,51,true,4
testRegexParseError15#1,15,3,85,0,23,40,51,true,4
testRegexParseError19#1,43,12,316,0,95,140,198,true,39
testRegexParseError20#1,21,6,159,0,48,71,99,true,19
testRegex1#1,35,13,329,1,92,143,222,true,57
testRegex3#1,30,12,277,1,84,117,187,true,57
testRegex4#1,37,14,283,1,73,126,196,true,38
testRegex5#1,50,19,381,0,98,165,285,true,102
testRegex6#1,49,14,301,0,68,135,190,true,24
testRegex7#1,28,9,210,0,58,98,122,true,8
testResultBuilder1#1,18,0,3,0,0,3,3,true,0
testResultBuilder2#1,93,25,437,0,57,219,267,true,78
testResultBuilder3#1,14,7,47,0,5,27,46,true,3
testResultBuilder4#1,231,51,839,0,111,421,539,true,146
testResultBuilder5#1,40,14,410,0,67,191,244,true,68
testResultBuilder6#1,51,16,422,0,68,196,256,true,71
testResultBuilder7#1,55,19,465,0,72,213,285,true,81
testSelfRebinding1#1,816,128,2314,0,500,1066,1657,true,496
testSelfRebinding3#1,190,25,348,0,53,175,261,true,67
testSelfRebinding4#1,106,0,3,0,0,3,3,true,0
testSelfRebinding5#1,60,13,178,0,22,83,129,true,34
testSelfRebinding6#1,361,50,721,0,196,317,582,true,137
testSelfRebinding7#1,408,38,572,0,134,249,424,true,100
testSelfRebinding8#1,387,37,541,0,131,240,398,true,77
testSelfRebinding9#1,163,24,376,0,87,182,287,true,60
testSelfRebinding10#1,179,10,109,0,8,59,93,true,8
testSemicolon1#1,24,10,161,0,28,74,126,true,15
testSemicolon2#1,106,34,451,0,36,198,351,true,65
testSemicolon3#1,93,27,285,0,14,144,260,true,42
testSemicolon4#1,82,31,500,0,70,241,366,true,125
testSemicolon5#1,17,5,56,0,3,27,42,true,7
testSemicolon6#1,46,15,214,0,27,93,169,true,78
testSemicolon7#1,85,26,325,0,42,158,271,true,55
testSemicolon8#1,13,3,31,0,2,16,27,true,5
testSemicolon9#1,63,19,377,0,102,169,305,true,79
testSemicolon10#1,31,16,292,0,80,127,249,true,83
testSemicolon11#1,159,34,590,0,103,284,429,true,84
testSemicolon12#1,141,40,353,0,10,190,359,true,23
testSubscripting1#1,12,4,27,0,1,17,29,true,1
testSubscripting2#1,172,30,672,0,131,321,432,true,189
testSubscripting3#1,144,36,731,1,167,322,515,true,212
testSubscripting4#1,136,32,621,1,141,281,440,true,195
testSubscripting5#1,173,45,1017,1,214,455,674,true,278
testSubscripting6#1,166,37,833,0,171,385,542,true,205
testSubscripting7#1,164,37,916,0,171,440,560,true,222
testSubscripting8#1,143,35,656,0,131,297,461,true,167
testSubscripting9#1,79,0,3,0,0,3,3,true,0
testSubscripting10#1,76,20,329,0,38,176,207,true,56
testSubscripting11#1,23,12,236,0,73,99,181,true,46
testSubscripting19#1,86,20,354,0,57,179,251,true,95
testSubscripting20#1,93,21,454,0,68,235,286,true,120
testSuper1#1,127,43,667,0,79,347,499,true,189
testSuper2a#1,75,23,428,0,85,223,303,true,110
testSuper2b#1,76,26,441,0,46,227,299,true,104
testSuper2c#1,78,26,441,0,46,227,299,true,104
testSuper2d#1,64,22,449,0,94,222,307,true,135
testSuper2e#1,190,51,937,0,285,425,777,true,304
testSuper2h#1,62,16,305,0,40,167,191,true,28
testSuper3#1,798,158,2676,0,572,1214,1843,true,670
testSwitch1#1,62,25,445,0,40,200,310,true,124
testSwitch8#1,10,4,77,0,9,32,57,true,14
testSwitch9#1,11,4,93,0,37,43,63,true,19
testSwitch10#1,370,114,2955,0,687,1338,1900,true,217
testSwitch17#1,46,14,306,0,76,143,183,true,18
testSwitch27#1,11,1,15,0,1,8,14,true,1
testSwitch28#1,79,15,265,0,50,136,188,true,19
testSwitch29#1,210,25,606,0,158,285,414,true,80
testSwitch30#1,155,0,3,0,0,3,3,true,0
testSwitch31#1,14,8,172,0,41,79,119,true,10
testSwitch33#1,102,20,343,0,70,165,228,true,48
testSwitch34#1,200,28,647,0,158,299,381,true,79
testSwitch35#1,261,36,831,0,210,377,459,true,86
testSwitch36#1,132,39,694,0,129,332,440,true,88
testSwitch37#1,658,135,2972,0,636,1334,1823,true,458
testSwitch38#1,70,19,276,0,50,136,197,true,36
testSwitch39#1,101,22,327,0,63,167,244,true,34
testSwitch40#1,243,26,338,0,50,173,256,true,42
testSwitch46#1,89,25,646,0,152,307,363,true,84
testSwitch47#1,88,26,679,0,161,322,386,true,85
testSwitch48#1,89,25,636,0,150,302,359,true,80
testSwitch50#1,56,12,318,0,74,156,165,true,53
testSwitch51#1,77,17,404,0,88,201,231,true,72
testSwitch52#1,78,16,361,0,77,181,204,true,67
testSwitch53#1,53,14,362,0,85,177,194,true,58
testSwitch54#1,56,16,405,0,96,197,222,true,63
testSwitch55#1,62,15,414,0,106,196,212,true,65
testSwitch56#1,73,22,525,0,138,245,304,true,104
testSwitch57#1,60,13,316,0,66,156,165,true,54
testSwitch58#1,55,13,333,0,76,165,179,true,62
testSwitch59#1,60,14,371,0,87,179,199,true,70
testSwitch60#1,63,16,416,0,98,198,228,true,60
testSwitch62#1,87,25,749,0,137,376,367,true,103
testSwitch63#1,53,14,371,0,73,187,200,true,42
testSwitch65#1,18,6,204,0,35,102,98,true,25
testSwitch66#1,41,13,342,0,72,171,179,true,34
testSwitch68#1,53,14,371,0,73,187,200,true,42
testSwitch69#1,37,10,301,0,63,150,143,true,39
testSwitch70#1,38,9,258,0,52,130,116,true,34
testSwitch71#1,96,23,604,0,121,301,324,true,103
testSwitch72#1,97,22,561,0,110,281,297,true,98
testSwitch73#1,98,21,518,0,99,261,270,true,93
testSwitch74#1,75,18,528,0,109,261,262,true,88
testSwitch75#1,76,17,485,0,98,241,235,true,83
testSwitch76#1,77,16,442,0,87,221,208,true,78
testSwitch77#1,62,16,510,0,98,254,239,true,74
testSwitch78#1,63,15,467,0,87,234,212,true,69
testSwitch79#1,64,14,424,0,76,214,185,true,64
testSwitch80#1,109,19,373,0,64,190,220,true,46
testToplevelLibrary1#1,86,5,92,0,16,41,72,true,12
testToplevelLibraryInvalid1#1,97,23,513,0,138,225,328,true,57
testTrailingClosures1#1,41,24,253,0,20,117,199,true,54
testTrailingClosures2#1,20,9,234,0,75,106,159,true,50
testTrailingClosures3#1,20,9,186,0,61,86,138,true,29
testTrailingClosures4#1,194,48,579,0,97,244,454,true,148
testTrailingClosures5#1,38,17,339,1,94,148,289,true,84
testTrailingClosures6#1,532,187,2768,0,471,1220,2046,true,736
testTrailingClosures7#1,33,14,255,0,62,114,191,true,41
testTrailingClosures8#1,37,18,284,0,74,124,233,true,68
testTrailingClosures9#1,152,54,995,0,312,439,788,true,200
testTrailingClosures10#1,127,33,415,0,47,181,302,true,87
testTrailingClosures11#1,48,8,183,1,60,79,127,true,51
testTrailingClosures12#1,63,12,206,1,71,89,158,true,67
testTrailingClosures13a#1,204,10,168,0,62,78,128,false,0
testTrailingClosures15#1,22,9,137,0,17,66,111,true,26
testTrailingClosures16#1,200,15,247,1,57,102,211,true,73
testTrailingSemi1#1,67,24,259,0,21,129,209,true,47
testTrailingSemi5#1,70,23,315,0,35,157,235,true,79
testTry1#1,235,37,466,0,49,229,343,true,98
testTry2#1,278,40,482,0,50,236,360,true,99
testTry3#1,75,22,328,0,33,152,286,true,99
testTry4#1,143,61,1205,0,352,437,931,true,365
testTry5#1,83,32,550,0,153,212,444,true,131
testTry6#1,149,67,1229,0,352,449,979,true,377
testTry7#1,87,36,566,0,153,220,476,true,139
testTry8#1,102,28,468,0,94,211,333,true,113
testTry9#1,256,116,1976,0,588,747,1499,true,517
testTry10#1,87,36,524,0,141,208,434,true,117
testTry13#1,197,52,931,0,177,412,778,true,778
testTry14#1,247,36,438,0,49,194,317,true,122
testTry15#1,201,40,408,0,51,186,325,true,84
testTry16#1,211,19,308,0,49,140,229,true,70
testTry17#1,93,22,290,0,48,124,248,true,85
testTry18#1,22,12,170,0,60,67,156,true,63
testTry19#1,104,23,312,0,51,132,279,true,97
testTry20#1,174,28,383,0,105,158,312,true,102
testTry21#1,139,30,408,0,81,170,308,true,77
testTry22#1,48,18,250,1,73,104,200,true,65
testTry23#1,113,33,515,0,87,244,379,true,130
testTry24#1,78,23,441,0,148,185,292,true,51
testTry25#1,88,12,152,0,14,82,116,true,34
testTry27#1,89,27,281,0,41,124,228,true,59
testTry28#1,115,30,354,0,58,153,290,true,85
testTry29#1,101,18,312,0,67,138,217,true,63
testTry30#1,101,19,309,0,70,134,219,true,66
testTry31#1,46,11,157,0,15,73,138,true,49
testTry32#1,176,59,796,0,165,313,635,true,194
testTry33#1,287,61,778,0,86,357,698,true,189
testTry34#1,239,64,817,0,238,310,760,true,322
testTry35#1,110,29,358,0,109,133,349,true,154
testTry36#1,232,70,913,0,239,347,818,true,327
testTry37#1,60,13,168,0,50,66,152,true,66
testTry38#1,30,6,93,0,26,38,81,true,26
testTry39#1,286,66,847,0,217,311,818,true,368
testTry41#1,57,19,282,0,34,145,188,true,58
testTry42#1,84,42,539,0,130,230,418,true,131
testTypeExpr3#1,209,58,829,0,87,433,618,true,164
testTypeExpr4#1,92,22,241,0,16,136,205,true,42
testTypeExpr5#1,28,9,78,0,3,48,77,true,16
testTypeExpr6#1,230,65,899,0,89,465,689,true,206
testTypeExpr7#1,185,58,1095,0,331,448,821,true,271
testTypeExpr8#1,262,90,1489,0,435,579,1334,true,645
testTypeExpr8#2,10,7,128,0,47,55,100,true,43
testTypeExpr8#3,12,9,147,0,58,62,124,true,58
testTypeExpr8#4,14,11,227,0,73,97,165,true,83
testTypeExpr9#1,151,39,582,0,166,238,529,true,231
testTypeExpr10#1,214,88,2578,20,861,960,2086,true,2086
testTypeExpr10#2,7,4,81,0,34,35,61,true,23
testTypeExpr10#3,8,5,144,0,39,62,91,true,35
testTypeExpr10#4,12,7,211,0,54,89,122,true,47
testTypeExpr11#1,344,150,4222,41,1552,1478,3665,true,2388
testTypeExpr11#2,13,10,238,1,97,96,188,true,112
testTypeExpr11#3,9,6,104,0,44,44,89,true,42
testTypeExpr11#4,11,8,137,0,57,59,110,true,47
testTypeExpr11#5,11,8,137,0,57,59,110,true,47
testTypeExpr11#6,10,7,167,0,49,71,119,true,54
testTypeExpr11#7,14,9,234,0,64,98,150,true,66
testTypeExpr12#1,532,175,3151,11,851,1290,2529,true,1201
testTypeExpr13#1,100,43,672,0,177,282,521,true,166
testTypeExpr14#1,143,59,865,0,241,355,746,true,310
testTypeExpr15#1,87,24,454,0,26,271,253,true,86
testTypeExpr16#1,216,74,1120,0,257,441,969,true,422
testTypeExpr17#1,247,27,396,0,102,166,361,true,125
testTypeExpr18#1,13,4,27,0,1,17,29,true,1
testTypeExpr19#1,170,55,897,0,276,357,812,true,384
testTypeExpr20#1,31,10,251,0,18,150,129,true,59
testTypeExpr21#1,35,9,128,0,28,60,94,true,13
testTypeExpr22#1,27,10,86,0,5,51,86,true,5
testTypeExpr23#1,25,8,102,0,9,48,85,true,14
testTypeExpr24#1,39,12,210,0,53,95,141,true,18
testTypeExpr25a#1,20,11,343,0,81,141,207,true,91
testTypeExpr25b#1,25,13,440,0,101,181,263,true,124
testTypeExpr25c#1,31,17,576,0,131,233,335,true,188
testTypeExpr25d#1,71,16,497,0,102,202,314,true,151
testTypeExpr25e#1,23,15,304,0,88,128,250,true,250
testTypeExpr25f#1,28,13,409,0,96,168,237,true,102
testTypeExpr25g#1,33,15,506,0,116,208,293,true,135
testTypeExpr25h#1,16,9,204,0,59,88,140,true,29
testTypeExpr25i#1,16,9,233,0,61,99,151,true,40
testTypeExpr25j#1,76,10,257,0,61,104,162,true,61
testTypeExpr25k#1,19,12,339,0,76,139,205,true,88
testTypeExpr25l#1,17,8,196,0,46,82,132,true,18
testTypeExpr25m#1,22,12,240,0,72,98,157,true,38
testTypeExpr25n#1,16,7,177,0,52,75,104,true,17
testTypeExpr25o#1,28,11,316,1,68,129,219,true,130
testTypeExpr25p#1,39,17,420,1,101,174,300,true,148
testTypeExpr25q#1,44,18,399,1,114,165,255,true,88
testTypeExpr25r#1,46,20,569,1,136,236,353,true,174
testTypeExpr25s#1,30,12,207,0,39,96,131,true,40
testTypeExpr25t#1,27,12,301,0,69,126,183,true,80
testTypeExpr25u#1,52,19,464,0,111,188,328,true,179
testTypeExpr25v#1,62,23,376,0,58,158,257,true,97
testTypeExpr25w#1,58,21,572,1,135,235,368,true,175
testCompositionTypeExpr#1,5,3,102,0,30,43,55,true,10
testCompositionTypeExpr#2,10,5,123,0,39,50,86,true,32
testCompositionTypeExpr#3,9,4,163,1,56,66,109,true,59
testCompositionTypeExpr#4,12,7,149,0,52,63,97,true,27
testCompositionTypeExpr#5,16,11,269,0,80,116,160,true,58
testCompositionTypeExpr#6,16,11,190,0,74,77,150,true,62
testCompositionTypeExpr#7,20,15,310,0,102,130,213,true,93
testCompositionTypeExpr#8,18,13,382,1,141,143,290,true,163
testCompositionTypeExpr#9,14,9,168,0,72,71,119,true,37
testCompositionTypeExpr#10,16,11,304,0,81,129,176,true,58
testCompositionTypeExpr#11,24,15,438,0,111,183,238,true,82
testCompositionTypeExpr#12,22,17,546,16,216,187,480,true,346
testCompositionTypeExpr#13,18,13,209,0,94,85,172,true,72
testCompositionTypeExpr#14,20,15,345,0,103,143,229,true,93
testCompositionTypeExpr#15,28,19,479,0,133,197,291,true,117
testCompositionTypeExpr#16,22,11,190,0,74,77,150,true,62
testCompositionTypeExpr#17,30,11,190,0,74,77,150,true,62
testCompositionTypeExpr#18,22,15,399,0,114,171,229,true,81
testTupleTypeExpr#1,8,5,105,0,37,46,72,true,24
testTupleTypeExpr#2,6,5,131,0,44,58,69,true,7
testTupleTypeExpr#3,11,7,149,0,53,65,95,true,24
testTupleTypeExpr#4,15,11,267,0,80,117,156,true,53
testTupleTypeExpr#5,15,11,187,0,74,79,143,true,54
testTupleTypeExpr#6,19,15,305,0,101,131,204,true,83
testTupleTypeExpr#7,17,13,369,2,150,147,271,true,162
testTupleTypeExpr#8,13,9,167,0,73,73,115,true,32
testTupleTypeExpr#9,15,11,302,0,81,130,172,true,53
testTupleTypeExpr#10,23,15,436,0,111,184,234,true,77
testTupleTypeExpr#11,21,17,509,6,213,191,415,true,282
testTupleTypeExpr#12,17,13,205,0,94,87,163,true,62
testTupleTypeExpr#13,19,15,340,0,102,144,220,true,83
testTupleTypeExpr#14,27,19,474,0,132,198,282,true,107
testTupleTypeExpr#15,21,11,187,0,74,79,143,true,54
testTupleTypeExpr#16,29,11,187,0,74,79,143,true,54
testTupleTypeExpr#17,19,11,237,0,82,99,145,true,30
testTupleTypeExpr#18,78,57,1517,4,485,595,1089,true,625
testFunctionTypeExpr#1,6,3,105,0,29,44,58,true,11
testFunctionTypeExpr#2,8,5,138,0,41,59,78,true,15
testFunctionTypeExpr#3,13,7,191,0,54,79,113,true,22
testFunctionTypeExpr#4,10,5,155,0,43,63,90,true,17
testFunctionTypeExpr#5,19,9,264,0,70,102,166,true,30
testFunctionTypeExpr#6,13,7,152,0,51,64,100,true,28
testFunctionTypeExpr#7,21,11,246,0,81,98,159,true,32
testFunctionTypeExpr#8,15,9,262,0,68,111,161,true,73
testFunctionTypeExpr#9,19,13,416,0,97,176,242,true,122
testFunctionTypeExpr#10,19,13,335,0,97,133,253,true,147
testFunctionTypeExpr#11,23,17,383,0,116,159,252,true,114
testFunctionTypeExpr#12,21,15,516,2,171,198,383,true,256
testFunctionTypeExpr#13,17,11,289,0,95,119,202,true,102
testFunctionTypeExpr#14,19,13,408,0,97,172,239,true,103
testFunctionTypeExpr#15,27,17,544,0,125,226,303,true,129
testFunctionTypeExpr#16,37,19,689,6,242,247,569,true,417
testFunctionTypeExpr#17,29,15,294,0,112,119,222,true,104
testFunctionTypeExpr#18,39,17,418,0,118,173,268,true,114
testFunctionTypeExpr#19,51,21,553,0,147,227,331,true,139
testFunctionTypeExpr#20,25,13,339,0,97,133,263,true,157
testFunctionTypeExpr#21,33,13,339,0,97,133,263,true,157
testFunctionTypeExpr#22,18,10,244,0,66,99,165,true,66
testFunctionTypeExpr#23,23,13,386,0,101,157,247,true,111
testFunctionTypeExpr#24,36,19,601,0,145,241,387,true,182
testFunctionTypeExpr#25,73,50,1274,3,398,514,836,true,398
testTypeExpr29#1,76,32,327,0,35,156,293,true,92
testTypeExpr30#1,242,38,837,0,277,352,581,true,176
testTypealias2a#1,30,8,151,0,11,68,99,true,41
testTypealias2b#1,37,10,209,0,14,92,138,true,65
testTypealias2c#1,41,8,151,0,11,68,99,true,41
testTypealias2d#1,42,20,430,0,103,196,278,true,25
testUnclosedStringInterpolation1#1,16,4,70,0,13,35,54,true,2
